year,lgID,tmID,playoff,made_playoff,made_CF,made_F,G,W,L,T,OTL,Pts,Pts/gm,SoW,SoL,GF,GA,PIM,PIM/gm,PPG,PPC,SHA,PKG,PKC,GF/gm,GA/gm
1979,NHL,ATF,PRE,1,0,0,80,35,32,13,,83,1.04,,,282,269,1048,13.1,51,216,7,52,272,3.52,3.36
1979,NHL,BOS,QF,1,0,0,80,46,21,13,,105,1.31,,,310,234,1460,18.3,60,246,4,53,312,3.88,2.92
1979,NHL,BUF,SF,1,1,0,80,47,17,16,,110,1.38,,,318,201,967,12.1,67,275,4,43,252,3.98,2.51
1979,NHL,CHI,QF,1,0,0,80,34,27,19,,87,1.09,,,241,250,1325,16.6,64,269,9,56,293,3.01,3.12
1979,NHL,COR,,0,0,0,80,19,48,13,,51,0.64,,,234,308,1020,12.8,53,304,3,52,233,2.92,3.85
1979,NHL,DET,,0,0,0,80,26,43,11,,63,0.79,,,268,306,1114,13.9,61,276,2,64,270,3.35,3.82
1979,NHL,EDM,PRE,1,0,0,80,28,39,13,,69,0.86,,,301,322,1528,19.1,61,282,4,74,315,3.76,4.03
1979,NHL,HAR,PRE,1,0,0,80,27,34,19,,73,0.91,,,303,312,875,10.9,42,216,1,64,249,3.79,3.9
1979,NHL,LAK,PRE,1,0,0,80,30,36,14,,74,0.93,,,290,313,1124,14.1,83,311,9,94,291,3.62,3.91
1979,NHL,MNS,SF,1,1,0,80,36,28,16,,88,1.10,,,311,253,1064,13.3,75,316,7,43,240,3.89,3.16
1979,NHL,MTL,QF,1,0,0,80,47,20,13,,107,1.34,,,328,240,874,10.9,77,264,7,46,247,4.1,3
1979,NHL,NYI,SC,1,1,1,80,39,28,13,,91,1.14,,,281,247,1298,16.2,63,265,4,71,317,3.51,3.09
1979,NHL,NYR,QF,1,0,0,80,38,32,10,,86,1.08,,,308,284,1342,16.8,79,304,7,54,304,3.85,3.55
1979,NHL,PHI,F,1,1,1,80,48,12,20,,116,1.45,,,327,254,1844,23.1,44,270,7,79,381,4.09,3.18
1979,NHL,PIT,PRE,1,0,0,80,30,37,13,,73,0.91,,,251,303,1038,13.0,52,262,4,64,247,3.14,3.79
1979,NHL,QUE,,0,0,0,80,25,44,11,,61,0.76,,,248,313,1062,13.3,63,300,9,71,267,3.1,3.91
1979,NHL,STL,PRE,1,0,0,80,34,34,12,,80,1.00,,,266,278,1037,13.0,53,289,4,40,263,3.32,3.48
1979,NHL,TOR,PRE,1,0,0,80,35,40,5,,75,0.94,,,304,327,1158,14.5,68,275,5,69,325,3.8,4.09
1979,NHL,VAN,PRE,1,0,0,80,27,37,16,,70,0.88,,,256,281,1808,22.6,53,312,12,69,282,3.2,3.51
1979,NHL,WAS,,0,0,0,80,27,40,13,,67,0.84,,,261,293,1198,15.0,54,295,4,65,248,3.26,3.66
1979,NHL,WIN,,0,0,0,80,20,49,11,,51,0.64,,,214,314,1251,15.6,63,336,10,63,275,2.68,3.92
1980,NHL,BOS,PRE,1,0,0,80,37,30,13,,87,1.09,,,316,272,1836,23.0,87,342,8,82,358,3.95,3.4
1980,NHL,BUF,QF,1,0,0,80,39,20,21,,99,1.24,,,327,250,1194,14.9,73,310,10,44,268,4.09,3.12
1980,NHL,CAL,SF,1,1,0,80,39,27,14,,92,1.15,,,329,298,1450,18.1,81,301,12,70,364,4.11,3.72
1980,NHL,CHI,PRE,1,0,0,80,31,33,16,,78,0.98,,,304,315,1660,20.8,67,302,9,91,364,3.8,3.94
1980,NHL,COR,,0,0,0,80,22,45,13,,57,0.71,,,258,344,1418,17.7,76,373,8,70,286,3.22,4.3
1980,NHL,DET,,0,0,0,80,19,43,18,,56,0.70,,,252,339,1687,21.1,60,316,12,82,317,3.15,4.24
1980,NHL,EDM,QF,1,0,0,80,29,35,16,,74,0.93,,,328,327,1544,19.3,77,347,7,85,348,4.1,4.09
1980,NHL,HAR,,0,0,0,80,21,41,18,,60,0.75,,,292,372,1584,19.8,60,318,15,80,328,3.65,4.65
1980,NHL,LAK,PRE,1,0,0,80,43,24,13,,99,1.24,,,337,290,1627,20.3,90,366,7,81,356,4.21,3.62
1980,NHL,MNS,F,1,1,1,80,35,28,17,,87,1.09,,,291,263,1624,20.3,88,408,13,64,304,3.64,3.29
1980,NHL,MTL,PRE,1,0,0,80,45,22,13,,103,1.29,,,332,232,1398,17.5,72,299,8,51,279,4.15,2.9
1980,NHL,NYI,SC,1,1,1,80,48,18,14,,110,1.38,,,355,260,1442,18.0,93,317,6,76,368,4.44,3.25
1980,NHL,NYR,SF,1,1,0,80,30,36,14,,74,0.93,,,312,317,1981,24.8,63,351,12,83,392,3.9,3.96
1980,NHL,PHI,QF,1,0,0,80,41,24,15,,97,1.21,,,313,249,2621,32.8,75,278,4,85,432,3.91,3.11
1980,NHL,PIT,PRE,1,0,0,80,30,37,13,,73,0.91,,,302,345,1807,22.6,92,400,11,99,370,3.78,4.31
1980,NHL,QUE,PRE,1,0,0,80,30,32,18,,78,0.98,,,314,318,1524,19.1,81,339,10,79,335,3.92,3.98
1980,NHL,STL,QF,1,0,0,80,45,18,17,,107,1.34,,,352,281,1657,20.7,85,359,12,61,338,4.4,3.51
1980,NHL,TOR,PRE,1,0,0,80,28,37,15,,71,0.89,,,322,367,1830,22.9,85,339,4,93,408,4.03,4.59
1980,NHL,VAN,PRE,1,0,0,80,28,32,20,,76,0.95,,,289,301,1892,23.7,68,330,14,81,340,3.61,3.76
1980,NHL,WAS,,0,0,0,80,26,36,18,,70,0.88,,,286,317,1872,23.4,74,394,14,83,318,3.58,3.96
1980,NHL,WIN,,0,0,0,80,9,57,14,,32,0.40,,,246,400,1191,14.9,60,345,15,67,261,3.08,5
1981,NHL,BOS,DF,1,0,0,80,43,27,10,,96,1.20,,,323,285,1266,15.8,65,289,7,54,291,4.04,3.56
1981,NHL,BUF,DSF,1,0,0,80,39,26,15,,93,1.16,,,307,273,1425,17.8,63,301,10,57,281,3.84,3.41
1981,NHL,CAL,DSF,1,0,0,80,29,34,17,,75,0.94,,,334,345,1331,16.6,78,290,9,72,328,4.18,4.31
1981,NHL,CHI,CF,1,1,0,80,30,38,12,,72,0.90,,,332,363,1775,22.2,78,315,12,93,383,4.15,4.54
1981,NHL,COR,,0,0,0,80,18,49,13,,49,0.61,,,241,362,1138,14.2,46,305,15,63,268,3.01,4.53
1981,NHL,DET,,0,0,0,80,21,47,12,,54,0.68,,,270,351,1250,15.6,43,257,6,75,284,3.38,4.39
1981,NHL,EDM,DSF,1,0,0,80,48,17,15,,111,1.39,,,417,295,1473,18.4,86,341,8,67,371,5.21,3.69
1981,NHL,HAR,,0,0,0,80,21,41,18,,60,0.75,,,264,351,1493,18.7,68,292,7,78,283,3.3,4.39
1981,NHL,LAK,DF,1,0,0,80,24,41,15,,63,0.79,,,314,369,1730,21.6,75,355,11,89,310,3.92,4.61
1981,NHL,MNS,DSF,1,0,0,80,37,23,20,,94,1.18,,,346,288,1358,17.0,89,362,9,49,271,4.32,3.6
1981,NHL,MTL,DSF,1,0,0,80,46,17,17,,109,1.36,,,360,223,1463,18.3,72,297,5,57,286,4.5,2.79
1981,NHL,NYI,SC,1,1,1,80,54,16,10,,118,1.48,,,385,250,1328,16.6,80,284,3,65,332,4.81,3.12
1981,NHL,NYR,DF,1,0,0,80,39,27,14,,92,1.15,,,316,306,1402,17.5,68,306,12,75,319,3.95,3.82
1981,NHL,PHI,DSF,1,0,0,80,38,31,11,,87,1.09,,,325,313,2493,31.2,79,296,5,102,397,4.06,3.91
1981,NHL,PIT,DSF,1,0,0,80,31,36,13,,75,0.94,,,310,337,2212,27.7,99,404,14,92,399,3.88,4.21
1981,NHL,QUE,CF,1,1,0,80,33,31,16,,82,1.03,,,356,345,1757,22.0,83,314,9,71,331,4.45,4.31
1981,NHL,STL,DF,1,0,0,80,32,40,8,,72,0.90,,,315,349,1579,19.7,76,344,13,83,357,3.94,4.36
1981,NHL,TOR,,0,0,0,80,20,44,16,,56,0.70,,,298,380,1888,23.6,58,292,6,99,363,3.72,4.75
1981,NHL,VAN,F,1,1,1,80,30,33,17,,77,0.96,,,290,286,1840,23.0,64,337,10,68,315,3.62,3.58
1981,NHL,WAS,,0,0,0,80,26,41,13,,65,0.81,,,319,338,1932,24.2,93,418,11,67,309,3.99,4.22
1981,NHL,WIN,DSF,1,0,0,80,33,33,14,,80,1.00,,,319,332,1314,16.4,74,328,11,61,249,3.99,4.15
1982,NHL,BOS,CF,1,1,0,80,50,20,10,,110,1.38,,,327,228,1202,15.0,67,302,6,53,275,4.09,2.85
1982,NHL,BUF,DF,1,0,0,80,38,29,13,,89,1.11,,,318,285,1031,12.9,67,311,9,48,274,3.98,3.56
1982,NHL,CAL,DF,1,0,0,80,32,34,14,,78,0.98,,,321,317,1146,14.3,65,273,6,59,258,4.01,3.96
1982,NHL,CHI,CF,1,1,0,80,47,23,10,,104,1.30,,,338,268,1185,14.8,86,316,6,71,304,4.22,3.35
1982,NHL,DET,,0,0,0,80,21,44,15,,57,0.71,,,263,344,1064,13.3,37,268,9,80,292,3.29,4.3
1982,NHL,EDM,F,1,1,1,80,47,21,12,,106,1.33,,,424,315,1771,22.1,86,294,6,89,396,5.3,3.94
1982,NHL,HAR,,0,0,0,80,19,54,7,,45,0.56,,,261,403,1392,17.4,51,264,9,70,293,3.26,5.04
1982,NHL,LAK,,0,0,0,80,27,41,12,,66,0.83,,,308,365,1367,17.1,81,340,14,94,296,3.85,4.56
1982,NHL,MNS,DF,1,0,0,80,40,24,16,,96,1.20,,,321,290,1520,19.0,91,345,20,67,347,4.01,3.62
1982,NHL,MTL,DSF,1,0,0,80,42,24,14,,98,1.23,,,350,286,1116,14.0,64,288,8,68,260,4.38,3.58
1982,NHL,NJD,,0,0,0,80,17,49,14,,48,0.60,,,230,338,1270,15.9,66,302,10,78,294,2.88,4.22
1982,NHL,NYI,SC,1,1,1,80,42,26,12,,96,1.20,,,302,226,1266,15.8,69,267,3,55,331,3.78,2.82
1982,NHL,NYR,DF,1,0,0,80,35,35,10,,80,1.00,,,306,287,1100,13.8,71,317,8,75,312,3.82,3.59
1982,NHL,PHI,DSF,1,0,0,80,49,23,8,,106,1.33,,,326,240,1337,16.7,60,278,7,61,339,4.08,3
1982,NHL,PIT,,0,0,0,80,18,53,9,,45,0.56,,,257,394,1859,23.2,81,358,15,110,396,3.21,4.92
1982,NHL,QUE,DSF,1,0,0,80,34,34,12,,80,1.00,,,343,336,1648,20.6,61,294,6,92,348,4.29,4.2
1982,NHL,STL,DSF,1,0,0,80,25,40,15,,65,0.81,,,285,316,1281,16.0,67,316,12,63,336,3.56,3.95
1982,NHL,TOR,DSF,1,0,0,80,28,40,12,,68,0.85,,,293,330,1481,18.5,79,355,9,83,332,3.66,4.12
1982,NHL,VAN,DSF,1,0,0,80,30,35,15,,75,0.94,,,303,309,1639,20.5,90,333,13,56,292,3.79,3.86
1982,NHL,WAS,DSF,1,0,0,80,39,25,16,,94,1.18,,,306,283,1329,16.6,75,358,11,53,288,3.82,3.54
1982,NHL,WIN,DSF,1,0,0,80,33,39,8,,74,0.93,,,311,333,1089,13.6,78,330,7,67,246,3.89,4.16
1983,NHL,BOS,DSF,1,0,0,80,49,25,6,,104,1.30,,,336,261,1606,20.1,82,342,7,56,336,4.2,3.26
1983,NHL,BUF,DSF,1,0,0,80,48,25,7,,103,1.29,,,315,257,1190,14.9,71,329,14,50,277,3.94,3.21
1983,NHL,CAL,DF,1,0,0,80,34,32,14,,82,1.03,,,311,314,1390,17.4,64,297,10,63,315,3.89,3.92
1983,NHL,CHI,DSF,1,0,0,80,30,42,8,,68,0.85,,,277,311,1358,17.0,67,332,7,74,342,3.46,3.89
1983,NHL,DET,DSF,1,0,0,80,31,42,7,,69,0.86,,,298,323,1546,19.3,79,356,10,77,311,3.72,4.04
1983,NHL,EDM,SC,1,1,1,80,57,18,5,,119,1.49,,,446,314,1577,19.7,81,318,12,77,386,5.58,3.92
1983,NHL,HAR,,0,0,0,80,28,42,10,,66,0.83,,,288,320,1184,14.8,80,329,14,68,301,3.6,4
1983,NHL,LAK,,0,0,0,80,23,44,13,,59,0.74,,,309,376,1265,15.8,75,360,17,82,294,3.86,4.7
1983,NHL,MNS,CF,1,1,0,80,39,31,10,,88,1.10,,,345,344,1696,21.2,91,340,8,89,407,4.31,4.3
1983,NHL,MTL,CF,1,1,0,80,35,40,5,,75,0.94,,,286,295,1371,17.1,58,294,7,56,276,3.58,3.69
1983,NHL,NJD,,0,0,0,80,17,56,7,,41,0.51,,,231,350,1352,16.9,51,363,13,83,336,2.89,4.38
1983,NHL,NYI,F,1,1,1,80,50,26,4,,104,1.30,,,357,269,1157,14.5,63,280,9,66,360,4.46,3.36
1983,NHL,NYR,DSF,1,0,0,80,42,29,9,,93,1.16,,,314,304,1471,18.4,74,295,11,76,347,3.92,3.8
1983,NHL,PHI,DSF,1,0,0,80,44,26,10,,98,1.23,,,350,290,1488,18.6,64,316,9,84,364,4.38,3.62
1983,NHL,PIT,,0,0,0,80,16,58,6,,38,0.48,,,254,390,1695,21.2,70,340,14,86,357,3.18,4.88
1983,NHL,QUE,DF,1,0,0,80,42,28,10,,94,1.18,,,360,278,1600,20.0,69,316,10,70,361,4.5,3.48
1983,NHL,STL,DF,1,0,0,80,32,41,7,,71,0.89,,,293,316,1614,20.2,79,347,16,91,364,3.66,3.95
1983,NHL,TOR,,0,0,0,80,26,45,9,,61,0.76,,,303,387,1682,21.0,82,383,7,101,382,3.79,4.84
1983,NHL,VAN,DSF,1,0,0,80,32,39,9,,73,0.91,,,306,328,1474,18.4,90,369,11,73,312,3.82,4.1
1983,NHL,WAS,DF,1,0,0,80,48,27,5,,101,1.26,,,308,226,1252,15.7,77,382,18,39,293,3.85,2.82
1983,NHL,WIN,DSF,1,0,0,80,31,38,11,,73,0.91,,,340,374,1579,19.7,80,374,18,86,341,4.25,4.68
1984,NHL,BOS,DSF,1,0,0,80,36,34,10,,82,1.03,,,303,287,1825,22.8,69,323,8,67,337,3.79,3.59
1984,NHL,BUF,DSF,1,0,0,80,38,28,14,,90,1.13,,,290,237,1221,15.3,76,322,5,52,295,3.62,2.96
1984,NHL,CAL,DSF,1,0,0,80,41,27,12,,94,1.18,,,363,302,1400,17.5,79,316,21,81,317,4.54,3.78
1984,NHL,CHI,CF,1,1,0,80,38,35,7,,83,1.04,,,309,299,1432,17.9,62,285,5,77,334,3.86,3.74
1984,NHL,DET,DSF,1,0,0,80,27,41,12,,66,0.83,,,313,357,1741,21.8,73,324,15,89,339,3.91,4.46
1984,NHL,EDM,SC,1,1,1,80,49,20,11,,109,1.36,,,401,298,1567,19.6,74,293,5,76,353,5.01,3.72
1984,NHL,HAR,,0,0,0,80,30,41,9,,69,0.86,,,268,318,1606,20.1,73,321,12,62,324,3.35,3.98
1984,NHL,LAK,DSF,1,0,0,80,34,32,14,,82,1.03,,,339,326,1413,17.7,87,370,13,54,291,4.24,4.08
1984,NHL,MNS,DF,1,0,0,80,25,43,12,,62,0.78,,,268,321,1735,21.7,71,335,14,88,358,3.35,4.01
1984,NHL,MTL,DF,1,0,0,80,41,27,12,,94,1.18,,,309,262,1464,18.3,77,325,8,57,279,3.86,3.28
1984,NHL,NJD,,0,0,0,80,22,48,10,,54,0.68,,,264,346,1282,16.0,70,362,15,73,317,3.3,4.32
1984,NHL,NYI,DF,1,0,0,80,40,34,6,,86,1.08,,,345,312,1516,19.0,71,277,7,68,386,4.31,3.9
1984,NHL,NYR,DSF,1,0,0,80,26,44,10,,62,0.78,,,295,345,1301,16.3,72,305,8,64,333,3.69,4.31
1984,NHL,PHI,F,1,1,1,80,53,20,7,,113,1.41,,,348,241,1540,19.3,67,305,6,66,326,4.35,3.01
1984,NHL,PIT,,0,0,0,80,24,51,5,,53,0.66,,,276,385,1493,18.7,62,363,22,74,311,3.45,4.81
1984,NHL,QUE,CF,1,1,0,80,41,30,9,,91,1.14,,,323,275,1643,20.5,64,306,12,66,307,4.04,3.44
1984,NHL,STL,DSF,1,0,0,80,37,31,12,,86,1.08,,,299,288,1301,16.3,66,301,9,73,306,3.74,3.6
1984,NHL,TOR,,0,0,0,80,20,52,8,,48,0.60,,,253,358,1627,20.3,69,352,12,83,324,3.16,4.47
1984,NHL,VAN,,0,0,0,80,25,46,9,,59,0.74,,,284,401,1451,18.1,61,313,14,89,302,3.55,5.01
1984,NHL,WAS,DSF,1,0,0,80,46,25,9,,101,1.26,,,322,240,1161,14.5,79,331,7,68,286,4.03,3
1984,NHL,WIN,DF,1,0,0,80,43,27,10,,96,1.20,,,358,332,1540,19.3,75,315,17,70,319,4.47,4.15
1985,NHL,BOS,DSF,1,0,0,80,37,31,12,,86,1.08,,,311,288,1919,24.0,95,412,5,97,402,3.89,3.6
1985,NHL,BUF,,0,0,0,80,37,37,6,,80,1.00,,,296,291,1608,20.1,72,351,14,66,342,3.7,3.64
1985,NHL,CAL,F,1,1,1,80,40,31,9,,89,1.11,,,354,315,2297,28.7,92,372,11,101,427,4.42,3.94
1985,NHL,CHI,DSF,1,0,0,80,39,33,8,,86,1.08,,,351,349,1537,19.2,85,332,10,85,388,4.39,4.36
1985,NHL,DET,,0,0,0,80,17,57,6,,40,0.50,,,266,415,2393,29.9,79,382,11,111,394,3.32,5.19
1985,NHL,EDM,DF,1,0,0,80,56,17,7,,119,1.49,,,426,310,1928,24.1,78,295,15,77,409,5.32,3.88
1985,NHL,HAR,DF,1,0,0,80,40,36,4,,84,1.05,,,332,302,1759,22.0,83,378,8,72,376,4.15,3.78
1985,NHL,LAK,,0,0,0,80,23,49,8,,54,0.68,,,284,389,2004,25.1,69,393,16,103,364,3.55,4.86
1985,NHL,MNS,DSF,1,0,0,80,38,33,9,,85,1.06,,,327,305,1672,20.9,88,370,12,80,387,4.09,3.81
1985,NHL,MTL,SC,1,1,1,80,40,33,7,,87,1.09,,,330,280,1372,17.2,87,343,8,64,307,4.12,3.5
1985,NHL,NJD,,0,0,0,80,28,49,3,,59,0.74,,,300,374,1424,17.8,70,355,5,103,400,3.75,4.68
1985,NHL,NYI,DSF,1,0,0,80,39,29,12,,90,1.13,,,327,284,1343,16.8,73,332,9,77,369,4.09,3.55
1985,NHL,NYR,CF,1,1,0,80,36,38,6,,78,0.98,,,280,276,1496,18.7,73,362,4,81,365,3.5,3.45
1985,NHL,PHI,DSF,1,0,0,80,53,23,4,,110,1.38,,,335,241,2025,25.3,91,380,9,71,418,4.19,3.01
1985,NHL,PIT,,0,0,0,80,34,38,8,,76,0.95,,,313,305,1538,19.2,93,425,17,78,340,3.91,3.81
1985,NHL,QUE,DSF,1,0,0,80,43,31,6,,92,1.15,,,330,289,1847,23.1,99,423,20,71,379,4.12,3.61
1985,NHL,STL,CF,1,1,0,80,37,34,9,,83,1.04,,,302,291,1478,18.5,78,362,14,74,324,3.78,3.64
1985,NHL,TOR,DF,1,0,0,80,25,48,7,,57,0.71,,,311,386,1716,21.5,67,364,11,83,364,3.89,4.82
1985,NHL,VAN,DSF,1,0,0,80,23,44,13,,59,0.74,,,282,333,1813,22.7,89,419,17,71,328,3.52,4.16
1985,NHL,WAS,DF,1,0,0,80,50,23,7,,107,1.34,,,315,272,1418,17.7,82,360,6,67,348,3.94,3.4
1985,NHL,WIN,DSF,1,0,0,80,26,47,7,,59,0.74,,,295,372,1774,22.2,72,356,14,83,335,3.69,4.65
1986,NHL,BOS,DSF,1,0,0,80,39,34,7,,85,1.06,,,301,276,1870,23.4,65,334,5,60,325,3.76,3.45
1986,NHL,BUF,,0,0,0,80,28,44,8,,64,0.80,,,280,308,1810,22.6,68,364,9,86,355,3.5,3.85
1986,NHL,CAL,DSF,1,0,0,80,46,31,3,,95,1.19,,,318,289,2036,25.5,80,318,14,75,368,3.98,3.61
1986,NHL,CHI,DSF,1,0,0,80,29,37,14,,72,0.90,,,290,310,1692,21.2,55,324,9,81,341,3.62,3.88
1986,NHL,DET,CF,1,1,0,80,34,36,10,,78,0.98,,,260,274,2209,27.6,69,336,7,73,357,3.25,3.42
1986,NHL,EDM,SC,1,1,1,80,50,24,6,,106,1.33,,,372,284,1721,21.5,70,318,8,74,372,4.65,3.55
1986,NHL,HAR,DSF,1,0,0,80,43,30,7,,93,1.16,,,287,270,1496,18.7,73,352,10,71,336,3.59,3.38
1986,NHL,LAK,DSF,1,0,0,80,31,41,8,,70,0.88,,,318,341,2038,25.5,97,389,16,92,346,3.98,4.26
1986,NHL,MNS,,0,0,0,80,30,40,10,,70,0.88,,,296,314,1936,24.2,83,355,18,92,376,3.7,3.92
1986,NHL,MTL,CF,1,1,0,80,41,29,10,,92,1.15,,,277,241,1802,22.5,67,321,6,51,304,3.46,3.01
1986,NHL,NJD,,0,0,0,80,29,45,6,,64,0.80,,,293,368,1735,21.7,82,382,10,95,361,3.66,4.6
1986,NHL,NYI,DF,1,0,0,80,35,33,12,,82,1.03,,,279,281,1857,23.2,84,337,9,83,381,3.49,3.51
1986,NHL,NYR,DSF,1,0,0,80,34,38,8,,76,0.95,,,307,323,1718,21.5,75,375,15,71,379,3.84,4.04
1986,NHL,PHI,F,1,1,1,80,46,26,8,,100,1.25,,,310,245,2082,26.0,68,355,5,71,402,3.88,3.06
1986,NHL,PIT,,0,0,0,80,30,38,12,,72,0.90,,,297,290,1693,21.2,74,378,9,72,318,3.71,3.62
1986,NHL,QUE,DF,1,0,0,80,31,39,10,,72,0.90,,,267,276,1741,21.8,76,354,12,52,311,3.34,3.45
1986,NHL,STL,DSF,1,0,0,80,32,33,15,,79,0.99,,,281,293,1572,19.7,79,324,11,58,303,3.51,3.66
1986,NHL,TOR,DF,1,0,0,80,32,42,6,,70,0.88,,,286,319,1827,22.8,52,303,10,71,323,3.58,3.99
1986,NHL,VAN,,0,0,0,80,29,43,8,,66,0.83,,,282,314,1917,24.0,82,353,11,77,319,3.52,3.92
1986,NHL,WAS,DSF,1,0,0,80,38,32,10,,86,1.08,,,285,278,1720,21.5,65,355,15,58,326,3.56,3.48
1986,NHL,WIN,DF,1,0,0,80,40,32,8,,88,1.10,,,279,271,1537,19.2,52,300,9,53,324,3.49,3.39
1987,NHL,BOS,F,1,1,1,80,44,30,6,,94,1.18,,,300,251,2443,30.5,74,446,10,70,425,3.75,3.14
1987,NHL,BUF,DSF,1,0,0,80,37,32,11,,85,1.06,,,283,305,2277,28.5,80,464,13,96,439,3.54,3.81
1987,NHL,CAL,DF,1,0,0,80,48,23,9,,105,1.31,,,397,305,2431,30.4,109,383,11,94,480,4.96,3.81
1987,NHL,CHI,DSF,1,0,0,80,30,41,9,,69,0.86,,,284,328,2228,27.9,98,426,13,96,484,3.55,4.1
1987,NHL,DET,CF,1,1,0,80,41,28,11,,93,1.16,,,322,269,2391,29.9,72,383,8,73,453,4.03,3.36
1987,NHL,EDM,SC,1,1,1,80,44,25,11,,99,1.24,,,363,288,2173,27.2,88,402,11,86,447,4.54,3.6
1987,NHL,HAR,DSF,1,0,0,80,35,38,7,,77,0.96,,,249,267,2046,25.6,84,477,17,67,426,3.11,3.34
1987,NHL,LAK,DSF,1,0,0,80,30,42,8,,68,0.85,,,318,359,2124,26.6,103,474,14,96,425,3.98,4.49
1987,NHL,MNS,,0,0,0,80,19,48,13,,51,0.64,,,242,349,2313,28.9,81,450,16,108,436,3.02,4.36
1987,NHL,MTL,DF,1,0,0,80,45,22,13,,103,1.29,,,298,238,1830,22.9,63,397,17,64,395,3.72,2.98
1987,NHL,NJD,CF,1,1,0,80,38,36,6,,82,1.03,,,295,296,2315,28.9,98,479,12,101,467,3.69,3.7
1987,NHL,NYI,DSF,1,0,0,80,39,31,10,,88,1.10,,,308,267,1732,21.7,87,387,8,94,416,3.85,3.34
1987,NHL,NYR,,0,0,0,80,36,34,10,,82,1.03,,,300,283,1775,22.2,111,491,11,82,423,3.75,3.54
1987,NHL,PHI,DSF,1,0,0,80,38,33,9,,85,1.06,,,292,292,2194,27.4,83,461,6,90,475,3.65,3.65
1987,NHL,PIT,,0,0,0,80,36,35,9,,81,1.01,,,319,316,2211,27.6,110,500,19,120,507,3.99,3.95
1987,NHL,QUE,,0,0,0,80,32,43,5,,69,0.86,,,271,306,2042,25.5,99,456,17,96,410,3.39,3.82
1987,NHL,STL,DF,1,0,0,80,34,38,8,,76,0.95,,,278,294,1919,24.0,82,413,5,83,402,3.48,3.68
1987,NHL,TOR,DSF,1,0,0,80,21,49,10,,52,0.65,,,273,345,1782,22.3,54,347,9,93,420,3.41,4.31
1987,NHL,VAN,,0,0,0,80,25,46,9,,59,0.74,,,272,320,2196,27.5,81,435,18,83,404,3.4,4
1987,NHL,WAS,DF,1,0,0,80,38,33,9,,85,1.06,,,281,249,1680,21.0,94,469,15,75,394,3.51,3.11
1987,NHL,WIN,DSF,1,0,0,80,33,36,11,,77,0.96,,,292,310,2278,28.5,110,432,17,94,444,3.65,3.88
1988,NHL,BOS,DF,1,0,0,80,37,29,14,,88,1.10,,,289,256,1929,24.1,85,429,4,67,374,3.61,3.2
1988,NHL,BUF,DSF,1,0,0,80,38,35,7,,83,1.04,,,291,299,2034,25.4,78,380,12,86,410,3.64,3.74
1988,NHL,CAL,SC,1,1,1,80,54,17,9,,117,1.46,,,354,226,2444,30.6,101,405,8,78,457,4.42,2.82
1988,NHL,CHI,CF,1,1,0,80,27,41,12,,66,0.83,,,297,335,2496,31.2,91,434,16,122,481,3.71,4.19
1988,NHL,DET,DSF,1,0,0,80,34,34,12,,80,1.00,,,313,316,2245,28.1,73,352,8,79,426,3.91,3.95
1988,NHL,EDM,DSF,1,0,0,80,38,34,8,,84,1.05,,,325,306,1931,24.1,83,419,17,78,452,4.06,3.82
1988,NHL,HAR,DSF,1,0,0,80,37,38,5,,79,0.99,,,299,290,1672,20.9,87,418,18,70,377,3.74,3.62
1988,NHL,LAK,DF,1,0,0,80,42,31,7,,91,1.14,,,376,335,2215,27.7,82,395,13,80,407,4.7,4.19
1988,NHL,MNS,DSF,1,0,0,80,27,37,16,,70,0.88,,,258,278,1972,24.7,78,392,9,82,441,3.22,3.48
1988,NHL,MTL,F,1,1,1,80,53,18,9,,115,1.44,,,315,218,1537,19.2,80,381,13,58,326,3.94,2.72
1988,NHL,NJD,,0,0,0,80,27,41,12,,66,0.83,,,281,325,2499,31.2,85,466,15,115,467,3.51,4.06
1988,NHL,NYI,,0,0,0,80,28,47,5,,61,0.76,,,265,325,1822,22.8,85,378,7,103,390,3.31,4.06
1988,NHL,NYR,DSF,1,0,0,80,37,35,8,,82,1.03,,,310,307,1891,23.6,85,457,17,85,371,3.88,3.84
1988,NHL,PHI,CF,1,1,0,80,36,36,8,,80,1.00,,,307,285,2317,29.0,98,367,9,80,432,3.84,3.56
1988,NHL,PIT,DF,1,0,0,80,40,33,7,,87,1.09,,,347,349,2670,33.4,119,491,16,111,482,4.34,4.36
1988,NHL,QUE,,0,0,0,80,27,46,7,,61,0.76,,,269,342,2004,25.1,85,392,12,82,385,3.36,4.28
1988,NHL,STL,DF,1,0,0,80,33,35,12,,78,0.98,,,275,285,1675,20.9,74,370,12,83,356,3.44,3.56
1988,NHL,TOR,,0,0,0,80,28,46,6,,62,0.78,,,259,342,1740,21.8,56,334,14,98,359,3.24,4.28
1988,NHL,VAN,DSF,1,0,0,80,33,39,8,,74,0.93,,,251,253,1569,19.6,78,410,14,66,341,3.14,3.16
1988,NHL,WAS,DSF,1,0,0,80,41,29,10,,92,1.15,,,305,259,1836,23.0,96,443,13,73,362,3.81,3.24
1988,NHL,WIN,,0,0,0,80,26,42,12,,64,0.80,,,300,355,1843,23.0,79,357,13,82,374,3.75,4.44
1989,NHL,BOS,F,1,1,1,80,46,25,9,,101,1.26,,,289,232,1458,18.2,83,352,3,53,316,3.61,2.9
1989,NHL,BUF,DSF,1,0,0,80,45,27,8,,98,1.23,,,286,248,1449,18.1,79,358,7,58,351,3.58,3.1
1989,NHL,CAL,DSF,1,0,0,80,42,23,15,,99,1.24,,,348,265,1751,21.9,99,357,6,76,366,4.35,3.31
1989,NHL,CHI,CF,1,1,0,80,41,33,6,,88,1.10,,,316,294,2426,30.3,80,349,9,75,379,3.95,3.68
1989,NHL,DET,,0,0,0,80,28,38,14,,70,0.88,,,288,323,2140,26.8,58,354,13,92,372,3.6,4.04
1989,NHL,EDM,SC,1,1,1,80,38,28,14,,90,1.13,,,315,283,2046,25.6,84,407,6,82,417,3.94,3.54
1989,NHL,HAR,DSF,1,0,0,80,38,33,9,,85,1.06,,,275,268,2102,26.3,80,398,10,74,401,3.44,3.35
1989,NHL,LAK,DF,1,0,0,80,34,39,7,,75,0.94,,,338,337,1844,23.1,76,343,14,88,366,4.22,4.21
1989,NHL,MNS,DSF,1,0,0,80,36,40,4,,76,0.95,,,284,291,2041,25.5,81,386,16,74,397,3.55,3.64
1989,NHL,MTL,DF,1,0,0,80,41,28,11,,93,1.16,,,288,234,1590,19.9,54,340,7,57,295,3.6,2.92
1989,NHL,NJD,DSF,1,0,0,80,37,34,9,,83,1.04,,,295,288,1659,20.7,64,337,12,67,340,3.69,3.6
1989,NHL,NYI,DSF,1,0,0,80,31,38,11,,73,0.91,,,281,288,1777,22.2,78,330,8,87,371,3.51,3.6
1989,NHL,NYR,DF,1,0,0,80,36,31,13,,85,1.06,,,279,267,2021,25.3,103,442,8,77,362,3.49,3.34
1989,NHL,PHI,,0,0,0,80,30,39,11,,71,0.89,,,290,297,2067,25.8,65,338,13,77,406,3.62,3.71
1989,NHL,PIT,,0,0,0,80,32,40,8,,72,0.90,,,318,359,2132,26.7,86,403,21,94,372,3.98,4.49
1989,NHL,QUE,,0,0,0,80,12,61,7,,31,0.39,,,240,407,2104,26.3,70,371,15,98,382,3,5.09
1989,NHL,STL,DF,1,0,0,80,37,34,9,,83,1.04,,,295,279,1809,22.6,79,351,12,67,351,3.69,3.49
1989,NHL,TOR,DSF,1,0,0,80,38,38,4,,80,1.00,,,337,358,2419,30.2,81,348,17,89,408,4.21,4.47
1989,NHL,VAN,,0,0,0,80,25,41,14,,64,0.80,,,245,306,1644,20.6,64,374,8,86,342,3.06,3.82
1989,NHL,WAS,CF,1,1,0,80,36,38,6,,78,0.98,,,284,275,2204,27.6,70,412,15,71,370,3.55,3.44
1989,NHL,WIN,DSF,1,0,0,80,37,32,11,,85,1.06,,,298,290,1639,20.5,65,347,7,57,333,3.72,3.62
1990,NHL,BOS,CF,1,1,0,80,44,24,12,,100,1.25,,,299,264,1694,21.2,74,351,8,64,368,3.74,3.3
1990,NHL,BUF,DSF,1,0,0,80,31,30,19,,81,1.01,,,292,278,1733,21.7,73,400,8,62,368,3.65,3.48
1990,NHL,CAL,DSF,1,0,0,80,46,26,8,,100,1.25,,,344,263,2201,27.5,91,384,8,77,420,4.3,3.29
1990,NHL,CHI,DSF,1,0,0,80,49,23,8,,106,1.33,,,284,211,2412,30.2,87,393,10,68,425,3.55,2.64
1990,NHL,DET,DSF,1,0,0,80,34,38,8,,76,0.95,,,273,298,1940,24.3,57,347,5,89,399,3.41,3.72
1990,NHL,EDM,CF,1,1,0,80,37,37,6,,80,1.00,,,272,272,1823,22.8,63,361,4,80,388,3.4,3.4
1990,NHL,HAR,DSF,1,0,0,80,31,38,11,,73,0.91,,,238,276,2209,27.6,73,403,9,72,369,2.98,3.45
1990,NHL,LAK,DF,1,0,0,80,46,24,10,,102,1.28,,,340,254,2228,27.9,80,391,18,63,370,4.25,3.18
1990,NHL,MNS,F,1,1,1,80,27,39,14,,68,0.85,,,256,266,1964,24.6,76,382,7,75,378,3.2,3.32
1990,NHL,MTL,DF,1,0,0,80,39,30,11,,89,1.11,,,273,249,1425,17.8,66,357,10,54,282,3.41,3.11
1990,NHL,NJD,DSF,1,0,0,80,32,33,15,,79,0.99,,,272,264,2024,25.3,69,347,13,80,394,3.4,3.3
1990,NHL,NYI,,0,0,0,80,25,45,10,,60,0.75,,,223,290,1723,21.5,51,317,12,78,353,2.79,3.62
1990,NHL,NYR,DSF,1,0,0,80,36,31,13,,85,1.06,,,297,265,1893,23.7,91,389,10,73,362,3.71,3.31
1990,NHL,PHI,,0,0,0,80,33,37,10,,76,0.95,,,252,267,1945,24.3,68,338,16,72,376,3.15,3.34
1990,NHL,PIT,SC,1,1,1,80,41,33,6,,88,1.10,,,342,305,1641,20.5,89,388,12,73,351,4.28,3.81
1990,NHL,QUE,,0,0,0,80,16,50,14,,46,0.58,,,236,354,1741,21.8,51,328,11,98,368,2.95,4.42
1990,NHL,STL,DF,1,0,0,80,47,22,11,,105,1.31,,,310,250,1987,24.8,70,348,18,55,339,3.88,3.12
1990,NHL,TOR,,0,0,0,80,23,46,11,,57,0.71,,,241,318,1962,24.5,61,346,6,83,368,3.01,3.98
1990,NHL,VAN,DSF,1,0,0,80,28,43,9,,65,0.81,,,243,315,2063,25.8,65,391,16,76,339,3.04,3.94
1990,NHL,WAS,DF,1,0,0,80,37,36,7,,81,1.01,,,258,258,1839,23.0,64,340,15,44,314,3.22,3.22
1990,NHL,WIN,,0,0,0,80,26,43,11,,63,0.79,,,260,288,1675,20.9,74,381,12,57,351,3.25,3.6
1991,NHL,BOS,CF,1,1,0,80,36,32,12,,84,1.05,,,270,275,1752,21.9,77,406,14,72,363,3.38,3.44
1991,NHL,BUF,DSF,1,0,0,80,31,37,12,,74,0.93,,,289,299,2713,33.9,105,466,11,91,424,3.61,3.74
1991,NHL,CAL,,0,0,0,80,31,37,12,,74,0.93,,,296,305,2643,33.0,87,414,10,107,489,3.7,3.81
1991,NHL,CHI,F,1,1,1,80,36,29,15,,87,1.09,,,257,236,2663,33.3,81,467,10,76,482,3.21,2.95
1991,NHL,DET,DF,1,0,0,80,43,25,12,,98,1.23,,,320,256,2078,26.0,72,386,7,78,419,4,3.2
1991,NHL,EDM,CF,1,1,0,80,36,34,10,,82,1.03,,,295,297,1907,23.8,68,366,15,93,423,3.69,3.71
1991,NHL,HAR,DSF,1,0,0,80,26,41,13,,65,0.81,,,247,283,1793,22.4,73,414,11,86,396,3.09,3.54
1991,NHL,LAK,DSF,1,0,0,80,35,31,14,,84,1.05,,,287,296,2161,27.0,79,411,12,76,417,3.59,3.7
1991,NHL,MNS,DSF,1,0,0,80,32,42,6,,70,0.88,,,246,278,2169,27.1,76,446,22,77,417,3.08,3.48
1991,NHL,MTL,DF,1,0,0,80,41,28,11,,93,1.16,,,267,207,1556,19.5,74,379,5,60,320,3.34,2.59
1991,NHL,NJD,DSF,1,0,0,80,38,31,11,,87,1.09,,,289,259,1611,20.1,59,338,10,68,374,3.61,3.24
1991,NHL,NYI,,0,0,0,80,34,35,11,,79,0.99,,,291,299,1713,21.4,75,339,8,90,383,3.64,3.74
1991,NHL,NYR,DF,1,0,0,80,50,25,5,,105,1.31,,,321,246,1805,22.6,81,387,12,60,395,4.01,3.08
1991,NHL,PHI,,0,0,0,80,32,37,11,,75,0.94,,,252,273,1838,23.0,68,411,12,76,392,3.15,3.41
1991,NHL,PIT,SC,1,1,1,80,39,32,9,,87,1.09,,,343,308,1907,23.8,92,423,14,77,383,4.29,3.85
1991,NHL,QUE,,0,0,0,80,20,48,12,,52,0.65,,,255,318,2044,25.6,66,385,14,87,421,3.19,3.98
1991,NHL,SJS,,0,0,0,80,17,58,5,,39,0.49,,,219,359,1894,23.7,64,374,17,89,407,2.74,4.49
1991,NHL,STL,DSF,1,0,0,80,36,33,11,,83,1.04,,,279,266,2041,25.5,69,359,12,64,389,3.49,3.32
1991,NHL,TOR,,0,0,0,80,30,43,7,,67,0.84,,,234,294,1734,21.7,66,377,5,69,362,2.92,3.68
1991,NHL,VAN,DF,1,0,0,80,42,26,12,,96,1.20,,,285,250,2075,25.9,85,439,7,76,382,3.56,3.12
1991,NHL,WAS,DSF,1,0,0,80,45,27,8,,98,1.23,,,330,275,1777,22.2,92,412,15,60,368,4.12,3.44
1991,NHL,WIN,DSF,1,0,0,80,33,32,15,,81,1.01,,,251,244,1907,23.8,91,435,6,68,428,3.14,3.05
1992,NHL,BOS,DSF,1,0,0,84,51,26,7,,109,1.30,,,332,268,1552,18.5,91,435,8,70,413,3.95,3.19
1992,NHL,BUF,DF,1,0,0,84,38,36,10,,86,1.02,,,335,297,1873,22.3,95,467,17,72,437,3.99,3.54
1992,NHL,CAL,DSF,1,0,0,84,43,30,11,,97,1.15,,,322,282,1951,23.2,85,447,9,83,492,3.83,3.36
1992,NHL,CHI,DSF,1,0,0,84,47,25,12,,106,1.26,,,279,230,2394,28.5,94,510,10,81,490,3.32,2.74
1992,NHL,DET,DSF,1,0,0,84,47,28,9,,103,1.23,,,369,280,1832,21.8,113,454,10,79,420,4.39,3.33
1992,NHL,EDM,,0,0,0,84,26,50,8,,60,0.71,,,242,337,2027,24.1,66,416,10,106,464,2.88,4.01
1992,NHL,HAR,,0,0,0,84,26,52,6,,58,0.69,,,284,369,2354,28.0,78,444,14,107,493,3.38,4.39
1992,NHL,LAK,F,1,1,1,84,39,35,10,,88,1.05,,,338,340,2247,26.8,102,507,16,114,529,4.02,4.05
1992,NHL,MNS,,0,0,0,84,36,38,10,,82,0.98,,,272,293,1885,22.4,85,445,17,81,455,3.24,3.49
1992,NHL,MTL,SC,1,1,1,84,48,30,6,,102,1.21,,,326,280,1788,21.3,79,430,13,77,427,3.88,3.33
1992,NHL,NJD,DSF,1,0,0,84,40,37,7,,87,1.04,,,308,299,1815,21.6,77,400,19,79,425,3.67,3.56
1992,NHL,NYI,CF,1,1,0,84,40,37,7,,87,1.04,,,335,297,1701,20.3,90,416,8,77,375,3.99,3.54
1992,NHL,NYR,,0,0,0,84,34,39,11,,79,0.94,,,304,308,1657,19.7,77,420,18,84,446,3.62,3.67
1992,NHL,OTT,,0,0,0,84,10,70,4,,24,0.29,,,202,395,1716,20.4,66,448,11,115,460,2.4,4.7
1992,NHL,PHI,,0,0,0,84,36,37,11,,83,0.99,,,319,319,1887,22.5,72,399,11,95,421,3.8,3.8
1992,NHL,PIT,DF,1,0,0,84,56,21,7,,119,1.42,,,367,268,1776,21.1,105,440,19,72,429,4.37,3.19
1992,NHL,QUE,DSF,1,0,0,84,47,27,10,,104,1.24,,,351,300,1846,22.0,101,464,16,85,438,4.18,3.57
1992,NHL,SJS,,0,0,0,84,11,71,2,,24,0.29,,,218,414,2134,25.4,66,409,15,113,483,2.6,4.93
1992,NHL,STL,DF,1,0,0,84,37,36,11,,85,1.01,,,282,278,1889,22.5,93,425,15,70,429,3.36,3.31
1992,NHL,TBL,,0,0,0,84,23,54,7,,53,0.63,,,245,332,1625,19.3,74,424,12,101,395,2.92,3.95
1992,NHL,TOR,CF,1,1,0,84,44,29,11,,99,1.18,,,288,241,1815,21.6,98,466,11,69,393,3.43,2.87
1992,NHL,VAN,DF,1,0,0,84,46,29,9,,101,1.20,,,346,278,2326,27.7,79,457,11,97,452,4.12,3.31
1992,NHL,WAS,DSF,1,0,0,84,43,34,7,,93,1.11,,,325,286,1709,20.3,97,445,8,74,433,3.87,3.4
1992,NHL,WIN,DSF,1,0,0,84,40,37,7,,87,1.04,,,322,320,1851,22.0,98,468,14,80,437,3.83,3.81
1993,NHL,ANA,,0,0,0,84,33,46,5,,71,0.85,,,229,251,1507,17.9,54,376,13,67,388,2.73,2.99
1993,NHL,BOS,CSF,1,0,0,84,42,29,13,,97,1.15,,,289,252,1442,17.2,84,387,9,58,378,3.44,3
1993,NHL,BUF,CQF,1,0,0,84,43,32,9,,95,1.13,,,282,218,1760,21.0,96,424,8,58,380,3.36,2.6
1993,NHL,CAL,CQF,1,0,0,84,42,29,13,,97,1.15,,,302,256,1847,22.0,87,410,9,90,465,3.6,3.05
1993,NHL,CHI,CQF,1,0,0,84,39,36,9,,87,1.04,,,254,240,2125,25.3,67,383,10,71,427,3.02,2.86
1993,NHL,DAL,CSF,1,0,0,84,42,29,13,,97,1.15,,,286,265,1919,22.8,81,440,16,68,428,3.4,3.15
1993,NHL,DET,CQF,1,0,0,84,46,30,8,,100,1.19,,,356,275,1775,21.1,85,408,14,73,383,4.24,3.27
1993,NHL,EDM,,0,0,0,84,25,45,14,,64,0.76,,,261,305,1858,22.1,74,402,9,78,401,3.11,3.63
1993,NHL,FLO,,0,0,0,84,33,34,17,,83,0.99,,,233,233,1620,19.3,65,409,15,69,396,2.77,2.77
1993,NHL,HAR,,0,0,0,84,27,48,9,,63,0.75,,,227,288,1809,21.5,61,408,9,88,416,2.7,3.43
1993,NHL,LAK,,0,0,0,84,27,45,12,,66,0.79,,,294,322,2017,24.0,92,444,8,90,462,3.5,3.83
1993,NHL,MTL,CQF,1,0,0,84,41,29,14,,96,1.14,,,283,248,1524,18.1,78,388,10,68,390,3.37,2.95
1993,NHL,NJD,CF,1,1,0,84,47,25,12,,106,1.26,,,306,220,1734,20.6,61,333,8,71,376,3.64,2.62
1993,NHL,NYI,CQF,1,0,0,84,36,36,12,,84,1.00,,,282,264,1787,21.3,74,369,9,79,417,3.36,3.14
1993,NHL,NYR,SC,1,1,1,84,52,24,8,,112,1.33,,,299,231,1688,20.1,96,417,5,67,435,3.56,2.75
1993,NHL,OTT,,0,0,0,84,14,61,9,,37,0.44,,,201,397,1710,20.4,63,435,14,110,412,2.39,4.73
1993,NHL,PHI,,0,0,0,84,35,39,10,,80,0.95,,,294,314,1697,20.2,80,385,14,80,414,3.5,3.74
1993,NHL,PIT,CQF,1,0,0,84,44,27,13,,101,1.20,,,299,285,1624,19.3,76,404,11,72,401,3.56,3.39
1993,NHL,QUE,,0,0,0,84,34,42,8,,76,0.90,,,277,292,1625,19.3,67,430,18,87,426,3.3,3.48
1993,NHL,SJS,CSF,1,0,0,84,33,35,16,,82,0.98,,,252,265,1343,16.0,68,424,13,77,360,3,3.15
1993,NHL,STL,CQF,1,0,0,84,40,33,11,,91,1.08,,,270,283,1659,19.8,86,420,14,73,388,3.21,3.37
1993,NHL,TBL,,0,0,0,84,30,43,11,,71,0.85,,,224,251,1579,18.8,57,388,20,58,335,2.67,2.99
1993,NHL,TOR,CF,1,1,0,84,43,29,12,,98,1.17,,,280,243,1877,22.3,88,459,9,74,409,3.33,2.89
1993,NHL,VAN,F,1,1,1,84,41,40,3,,85,1.01,,,279,276,1923,22.9,83,441,11,84,458,3.32,3.29
1993,NHL,WAS,CSF,1,0,0,84,39,35,10,,88,1.05,,,277,263,2007,23.9,70,386,12,74,403,3.3,3.13
1993,NHL,WIN,,0,0,0,84,24,51,9,,57,0.68,,,245,344,2143,25.5,82,423,17,91,445,2.92,4.1
1995,NHL,ANA,,0,0,0,82,35,39,8,,78,0.95,,,234,247,1707,20.8,60,426,5,81,423,2.85,3.01
1995,NHL,BOS,CQF,1,0,0,82,40,31,11,,91,1.11,,,282,269,1039,12.7,68,363,7,67,341,3.44,3.28
1995,NHL,BUF,,0,0,0,82,33,42,7,,73,0.89,,,247,262,2195,26.8,76,477,12,74,461,3.01,3.2
1995,NHL,CAL,CQF,1,0,0,82,34,37,11,,79,0.96,,,241,240,1524,18.6,71,386,9,80,402,2.94,2.93
1995,NHL,CHI,CSF,1,0,0,82,40,28,14,,94,1.15,,,273,220,1880,22.9,63,356,7,65,447,3.33,2.68
1995,NHL,COL,SC,1,1,1,82,47,25,10,,104,1.27,,,326,240,1536,18.7,86,404,22,71,439,3.98,2.93
1995,NHL,DAL,,0,0,0,82,26,42,14,,66,0.80,,,227,280,1652,20.1,67,443,20,82,418,2.77,3.41
1995,NHL,DET,CF,1,1,0,82,62,13,7,,131,1.60,,,325,181,1551,18.9,97,455,9,44,375,3.96,2.21
1995,NHL,EDM,,0,0,0,82,30,44,8,,68,0.83,,,240,304,1709,20.8,72,452,12,80,417,2.93,3.71
1995,NHL,FLO,F,1,1,1,82,41,31,10,,92,1.12,,,254,234,1494,18.2,81,468,12,63,370,3.1,2.85
1995,NHL,HAR,,0,0,0,82,34,39,9,,77,0.94,,,237,259,1844,22.5,67,372,9,83,429,2.89,3.16
1995,NHL,LAK,,0,0,0,82,24,40,18,,66,0.80,,,256,302,1460,17.8,72,401,18,72,381,3.12,3.68
1995,NHL,MTL,CQF,1,0,0,82,40,32,10,,90,1.10,,,265,248,1847,22.5,77,405,11,68,382,3.23,3.02
1995,NHL,NJD,,0,0,0,82,37,33,12,,86,1.05,,,215,202,1486,18.1,55,368,9,49,319,2.62,2.46
1995,NHL,NYI,,0,0,0,82,22,50,10,,54,0.66,,,229,315,1669,20.4,70,372,15,90,414,2.79,3.84
1995,NHL,NYR,CSF,1,0,0,82,41,27,14,,96,1.17,,,272,237,1849,22.5,85,429,11,89,495,3.32,2.89
1995,NHL,OTT,,0,0,0,82,18,59,5,,41,0.50,,,191,291,1553,18.9,53,430,14,83,375,2.33,3.55
1995,NHL,PHI,CSF,1,0,0,82,45,24,13,,103,1.26,,,282,208,1785,21.8,82,417,7,62,437,3.44,2.54
1995,NHL,PIT,CF,1,1,0,82,49,29,4,,102,1.24,,,362,284,1623,19.8,109,420,12,78,467,4.41,3.46
1995,NHL,SJS,,0,0,0,82,20,55,7,,47,0.57,,,252,357,1480,18.0,62,385,20,93,397,3.07,4.35
1995,NHL,STL,CSF,1,0,0,82,32,34,16,,80,0.98,,,219,248,1823,22.2,74,448,8,82,482,2.67,3.02
1995,NHL,TBL,CQF,1,0,0,82,38,32,12,,88,1.07,,,238,248,1628,19.9,83,400,13,68,439,2.9,3.02
1995,NHL,TOR,CQF,1,0,0,82,34,36,12,,80,0.98,,,247,252,1742,21.2,83,438,9,70,403,3.01,3.07
1995,NHL,VAN,CQF,1,0,0,82,32,35,15,,79,0.96,,,278,278,1546,18.9,69,411,13,78,418,3.39,3.39
1995,NHL,WAS,CQF,1,0,0,82,39,32,11,,89,1.09,,,234,204,1553,18.9,63,403,7,67,385,2.85,2.49
1995,NHL,WIN,CQF,1,0,0,82,36,40,6,,78,0.95,,,275,291,1622,19.8,82,417,12,88,430,3.35,3.55
1996,NHL,ANA,CSF,1,0,0,82,36,33,13,,85,1.04,,,245,233,1710,20.9,56,333,11,62,336,2.99,2.84
1996,NHL,BOS,,0,0,0,82,26,47,9,,61,0.74,,,234,300,1369,16.7,46,310,6,56,308,2.85,3.66
1996,NHL,BUF,CSF,1,0,0,82,40,30,12,,92,1.12,,,237,208,1840,22.4,43,326,4,59,364,2.89,2.54
1996,NHL,CAL,,0,0,0,82,32,41,9,,73,0.89,,,214,239,1444,17.6,61,361,19,58,345,2.61,2.91
1996,NHL,CHI,CQF,1,0,0,82,34,35,13,,81,0.99,,,223,210,1763,21.5,45,304,9,59,374,2.72,2.56
1996,NHL,COL,CF,1,1,0,82,49,24,9,,107,1.30,,,277,205,1361,16.6,83,403,12,42,339,3.38,2.5
1996,NHL,DAL,CQF,1,0,0,82,48,26,8,,104,1.27,,,252,198,1325,16.2,46,314,9,51,308,3.07,2.41
1996,NHL,DET,SC,1,1,1,82,38,26,18,,94,1.15,,,253,197,1582,19.3,66,368,8,46,346,3.09,2.4
1996,NHL,EDM,CSF,1,0,0,82,36,37,9,,81,0.99,,,252,247,1368,16.7,73,406,13,59,338,3.07,3.01
1996,NHL,FLO,CQF,1,0,0,82,35,28,19,,89,1.09,,,221,201,1628,19.9,50,352,17,50,346,2.7,2.45
1996,NHL,HAR,,0,0,0,82,32,39,11,,75,0.91,,,226,256,1513,18.5,58,321,11,51,332,2.76,3.12
1996,NHL,LAK,,0,0,0,82,28,43,11,,67,0.82,,,214,268,1638,20.0,46,338,14,45,352,2.61,3.27
1996,NHL,MTL,CQF,1,0,0,82,31,36,15,,77,0.94,,,249,276,1469,17.9,53,337,11,71,347,3.04,3.37
1996,NHL,NJD,CSF,1,0,0,82,45,23,14,,104,1.27,,,231,182,1135,13.8,40,288,9,28,235,2.82,2.22
1996,NHL,NYI,,0,0,0,82,29,41,12,,70,0.85,,,240,250,1640,20.0,48,346,9,53,319,2.93,3.05
1996,NHL,NYR,CF,1,1,0,82,38,34,10,,86,1.05,,,258,231,1481,18.1,63,287,5,69,344,3.15,2.82
1996,NHL,OTT,CQF,1,0,0,82,31,36,15,,77,0.94,,,226,234,1087,13.3,56,336,12,48,265,2.76,2.85
1996,NHL,PHI,F,1,1,1,82,45,24,13,,103,1.26,,,274,217,1699,20.7,53,362,8,49,342,3.34,2.65
1996,NHL,PHO,CQF,1,0,0,82,38,37,7,,83,1.01,,,240,243,1582,19.3,65,359,14,47,334,2.93,2.96
1996,NHL,PIT,CQF,1,0,0,82,38,36,8,,84,1.02,,,285,280,1498,18.3,74,339,12,64,338,3.48,3.41
1996,NHL,SJS,,0,0,0,82,27,47,8,,62,0.76,,,211,278,2085,25.4,50,349,11,66,409,2.57,3.39
1996,NHL,STL,CQF,1,0,0,82,36,35,11,,83,1.01,,,236,239,1336,16.3,50,327,8,55,332,2.88,2.91
1996,NHL,TBL,,0,0,0,82,32,40,10,,74,0.90,,,217,247,1686,20.6,47,340,9,55,361,2.65,3.01
1996,NHL,TOR,,0,0,0,82,30,44,8,,68,0.83,,,230,273,1331,16.2,48,309,8,59,328,2.8,3.33
1996,NHL,VAN,,0,0,0,82,35,40,7,,77,0.94,,,257,273,1607,19.6,51,303,8,66,344,3.13,3.33
1996,NHL,WAS,,0,0,0,82,33,40,9,,75,0.91,,,214,231,1652,20.1,51,322,10,54,354,2.61,2.82
1997,NHL,ANA,,0,0,0,82,26,43,13,,65,0.79,,,205,261,1843,22.5,46,392,10,72,396,2.5,3.18
1997,NHL,BOS,CQF,1,0,0,82,39,30,13,,91,1.11,,,221,194,1117,13.6,62,359,3,44,285,2.7,2.37
1997,NHL,BUF,CF,1,1,0,82,36,29,17,,89,1.09,,,211,187,1768,21.6,51,396,12,65,413,2.57,2.28
1997,NHL,CAL,,0,0,0,82,26,41,15,,67,0.82,,,217,252,1859,22.7,43,356,13,69,430,2.65,3.07
1997,NHL,CAR,,0,0,0,82,33,41,8,,74,0.90,,,200,219,1455,17.7,50,378,10,58,391,2.44,2.67
1997,NHL,CHI,,0,0,0,82,30,39,13,,73,0.89,,,192,199,1546,18.9,47,364,5,58,381,2.34,2.43
1997,NHL,COL,CQF,1,0,0,82,39,26,17,,95,1.16,,,231,205,1729,21.1,74,425,12,53,410,2.82,2.5
1997,NHL,DAL,CF,1,1,0,82,49,22,11,,109,1.33,,,242,167,1301,15.9,77,385,9,42,351,2.95,2.04
1997,NHL,DET,SC,1,1,1,82,44,23,15,,103,1.26,,,250,196,1346,16.4,67,381,7,51,376,3.05,2.39
1997,NHL,EDM,CSF,1,0,0,82,35,37,10,,80,0.98,,,215,224,1690,20.6,77,483,11,66,406,2.62,2.73
1997,NHL,FLO,,0,0,0,82,24,43,15,,63,0.77,,,203,256,1676,20.4,55,409,16,82,403,2.48,3.12
1997,NHL,LAK,CQF,1,0,0,82,38,33,11,,87,1.06,,,227,225,1763,21.5,52,366,12,63,399,2.77,2.74
1997,NHL,MTL,CSF,1,0,0,82,37,32,13,,87,1.06,,,235,208,1547,18.9,68,372,8,62,401,2.87,2.54
1997,NHL,NJD,CQF,1,0,0,82,48,23,11,,107,1.30,,,225,166,1488,18.1,63,333,9,41,309,2.74,2.02
1997,NHL,NYI,,0,0,0,82,30,41,11,,71,0.87,,,212,225,1646,20.1,61,364,16,54,384,2.59,2.74
1997,NHL,NYR,,0,0,0,82,25,39,18,,68,0.83,,,197,231,1548,18.9,62,351,13,55,376,2.4,2.82
1997,NHL,OTT,CSF,1,0,0,82,34,33,15,,83,1.01,,,193,200,1091,13.3,48,375,9,47,303,2.35,2.44
1997,NHL,PHI,CQF,1,0,0,82,42,29,11,,95,1.16,,,242,193,1766,21.5,71,399,9,51,382,2.95,2.35
1997,NHL,PHO,CQF,1,0,0,82,35,35,12,,82,1.00,,,224,227,1602,19.5,57,384,6,66,408,2.73,2.77
1997,NHL,PIT,CQF,1,0,0,82,40,24,18,,98,1.20,,,228,188,1225,14.9,67,407,16,46,338,2.78,2.29
1997,NHL,SJS,CQF,1,0,0,82,34,38,10,,78,0.95,,,210,216,1417,17.3,54,400,5,59,398,2.56,2.63
1997,NHL,STL,CSF,1,0,0,82,45,29,8,,98,1.20,,,256,204,1414,17.2,62,368,4,49,367,3.12,2.49
1997,NHL,TBL,,0,0,0,82,17,55,10,,44,0.54,,,151,269,1823,22.2,33,353,16,72,410,1.84,3.28
1997,NHL,TOR,,0,0,0,82,30,43,9,,69,0.84,,,194,237,1481,18.1,41,359,13,50,372,2.37,2.89
1997,NHL,VAN,,0,0,0,82,25,43,14,,64,0.78,,,224,273,2166,26.4,48,373,12,77,432,2.73,3.33
1997,NHL,WAS,F,1,1,1,82,40,30,12,,92,1.12,,,219,202,1198,14.6,55,350,4,39,361,2.67,2.46
1998,NHL,ANA,CQF,1,0,0,82,35,34,13,,83,1.01,,,215,206,1323,16.1,83,378,7,60,387,2.62,2.51
1998,NHL,BOS,CSF,1,0,0,82,39,30,13,,91,1.11,,,214,181,1182,14.4,65,368,9,33,305,2.61,2.21
1998,NHL,BUF,F,1,1,1,82,37,28,17,,91,1.11,,,207,175,1561,19.0,49,363,7,55,399,2.52,2.13
1998,NHL,CAL,,0,0,0,82,30,40,12,,72,0.88,,,211,234,1389,16.9,51,357,6,78,386,2.57,2.85
1998,NHL,CAR,CQF,1,0,0,82,34,30,18,,86,1.05,,,210,202,1158,14.1,42,382,6,51,346,2.56,2.46
1998,NHL,CHI,,0,0,0,82,29,41,12,,70,0.85,,,202,248,1807,22.0,50,335,10,80,405,2.46,3.02
1998,NHL,COL,CF,1,1,0,82,44,28,10,,98,1.20,,,239,205,1619,19.7,71,375,12,63,386,2.91,2.5
1998,NHL,DAL,SC,1,1,1,82,51,19,12,,114,1.39,,,236,168,1108,13.5,74,393,4,43,319,2.88,2.05
1998,NHL,DET,CSF,1,0,0,82,43,32,7,,93,1.13,,,245,202,1202,14.7,67,415,7,45,355,2.99,2.46
1998,NHL,EDM,CQF,1,0,0,82,33,37,12,,78,0.95,,,230,226,1373,16.7,63,438,10,67,374,2.8,2.76
1998,NHL,FLO,,0,0,0,82,30,34,18,,78,0.95,,,210,228,1522,18.6,51,380,11,67,370,2.56,2.78
1998,NHL,LAK,,0,0,0,82,32,45,5,,69,0.84,,,189,222,1383,16.9,43,327,11,47,330,2.3,2.71
1998,NHL,MTL,,0,0,0,82,32,39,11,,75,0.91,,,184,209,1299,15.8,50,344,10,44,344,2.24,2.55
1998,NHL,NAS,,0,0,0,82,28,47,7,,63,0.77,,,190,261,1420,17.3,40,324,10,75,357,2.32,3.18
1998,NHL,NJD,CQF,1,0,0,82,47,24,11,,105,1.28,,,248,196,1355,16.5,60,304,5,47,325,3.02,2.39
1998,NHL,NYI,,0,0,0,82,24,48,10,,58,0.71,,,194,244,1111,13.5,54,341,7,60,363,2.37,2.98
1998,NHL,NYR,,0,0,0,82,33,38,11,,77,0.94,,,217,227,1087,13.3,71,348,9,48,336,2.65,2.77
1998,NHL,OTT,CQF,1,0,0,82,44,23,15,,103,1.26,,,239,179,892,10.9,59,397,13,44,317,2.91,2.18
1998,NHL,PHI,CQF,1,0,0,82,37,26,19,,93,1.13,,,231,196,1075,13.1,65,386,7,53,333,2.82,2.39
1998,NHL,PHO,CQF,1,0,0,82,39,31,12,,90,1.10,,,205,197,1412,17.2,41,342,5,45,348,2.5,2.4
1998,NHL,PIT,CSF,1,0,0,82,38,30,14,,90,1.10,,,242,225,977,11.9,65,363,14,56,302,2.95,2.74
1998,NHL,SJS,CQF,1,0,0,82,31,33,18,,80,0.98,,,196,191,1423,17.4,53,399,4,61,407,2.39,2.33
1998,NHL,STL,CSF,1,0,0,82,37,32,13,,87,1.06,,,237,209,1308,16.0,61,301,4,47,387,2.89,2.55
1998,NHL,TBL,,0,0,0,82,19,54,9,,47,0.57,,,179,292,1316,16.0,43,310,10,68,387,2.18,3.56
1998,NHL,TOR,CF,1,1,0,82,45,30,7,,97,1.18,,,268,231,1095,13.4,53,367,6,64,325,3.27,2.82
1998,NHL,VAN,,0,0,0,82,23,47,12,,58,0.71,,,192,258,1764,21.5,57,358,9,77,450,2.34,3.15
1998,NHL,WAS,,0,0,0,82,31,45,6,,68,0.83,,,200,218,1381,16.8,52,301,7,55,353,2.44,2.66
1999,NHL,ANA,,0,0,0,82,34,33,12,3,83,1.01,,,217,227,926,11.3,55,332,8,62,296,2.65,2.77
1999,NHL,ATL,,0,0,0,82,14,57,7,4,39,0.48,,,170,313,1422,17.3,44,348,13,76,386,2.07,3.82
1999,NHL,BOS,,0,0,0,82,24,33,19,6,73,0.89,,,210,248,865,10.5,51,355,4,55,268,2.56,3.02
1999,NHL,BUF,CQF,1,0,0,82,35,32,11,4,85,1.04,,,213,204,1173,14.3,37,351,10,54,361,2.6,2.49
1999,NHL,CAL,,0,0,0,82,31,36,10,5,77,0.94,,,211,256,1267,15.5,59,330,8,74,365,2.57,3.12
1999,NHL,CAR,,0,0,0,82,37,35,10,0,84,1.02,,,217,216,799,9.7,58,342,7,40,253,2.65,2.63
1999,NHL,CHI,,0,0,0,82,33,37,10,2,78,0.95,,,242,245,1444,17.6,52,325,13,58,355,2.95,2.99
1999,NHL,COL,CF,1,1,0,82,42,28,11,1,96,1.17,,,233,201,1118,13.6,59,302,7,52,335,2.84,2.45
1999,NHL,DAL,F,1,1,1,82,43,23,10,6,102,1.24,,,211,184,1029,12.5,54,343,9,33,307,2.57,2.24
1999,NHL,DET,CSF,1,0,0,82,48,22,10,2,108,1.32,,,278,210,1014,12.4,69,338,6,44,311,3.39,2.56
1999,NHL,EDM,CQF,1,0,0,82,32,26,16,8,88,1.07,,,226,212,1344,16.4,53,336,4,54,369,2.76,2.59
1999,NHL,FLO,CQF,1,0,0,82,43,27,6,6,98,1.20,,,244,209,1329,16.2,58,338,8,47,323,2.98,2.55
1999,NHL,LAK,CQF,1,0,0,82,39,27,12,4,94,1.15,,,245,228,1313,16.0,60,356,12,66,373,2.99,2.78
1999,NHL,MTL,,0,0,0,82,35,34,9,4,83,1.01,,,196,194,1067,13.0,54,323,8,40,302,2.39,2.37
1999,NHL,NAS,,0,0,0,82,28,40,7,7,70,0.85,,,199,240,946,11.5,41,304,11,46,309,2.43,2.93
1999,NHL,NJD,SC,1,1,1,82,45,24,8,5,103,1.26,,,251,203,1313,16.0,55,274,9,39,313,3.06,2.48
1999,NHL,NYI,,0,0,0,82,24,48,9,1,58,0.71,,,194,275,1376,16.8,45,319,8,84,419,2.37,3.35
1999,NHL,NYR,,0,0,0,82,29,38,12,3,73,0.89,,,218,246,916,11.2,55,325,9,49,292,2.66,3
1999,NHL,OTT,CQF,1,0,0,82,41,28,11,2,95,1.16,,,244,210,850,10.4,52,310,8,34,273,2.98,2.56
1999,NHL,PHI,CF,1,1,0,82,45,22,12,3,105,1.28,,,237,179,1233,15.0,69,340,7,42,316,2.89,2.18
1999,NHL,PHO,CQF,1,0,0,82,39,31,8,4,90,1.10,,,232,228,940,11.5,37,310,7,43,306,2.83,2.78
1999,NHL,PIT,CSF,1,0,0,82,37,31,8,6,88,1.07,,,241,236,1221,14.9,54,346,11,56,321,2.94,2.88
1999,NHL,SJS,CSF,1,0,0,82,35,30,10,7,87,1.06,,,225,214,1292,15.8,62,377,4,61,372,2.74,2.61
1999,NHL,STL,CQF,1,0,0,82,51,19,11,1,114,1.39,,,248,165,1139,13.9,61,342,3,42,345,3.02,2.01
1999,NHL,TBL,,0,0,0,82,19,47,9,7,54,0.66,,,204,310,1733,21.1,51,365,7,77,399,2.49,3.78
1999,NHL,TOR,CSF,1,0,0,82,45,27,7,3,100,1.22,,,246,222,1103,13.5,57,321,5,58,330,3,2.71
1999,NHL,VAN,,0,0,0,82,30,29,15,8,83,1.01,,,227,237,1047,12.8,51,323,7,63,322,2.77,2.89
1999,NHL,WAS,CQF,1,0,0,82,44,24,12,2,102,1.24,,,227,194,994,12.1,43,286,3,47,340,2.77,2.37
2000,NHL,ANA,,0,0,0,82,25,41,11,5,66,0.80,,,188,245,1136,13.9,66,373,13,71,390,2.29,2.99
2000,NHL,ATL,,0,0,0,82,23,45,12,2,60,0.73,,,211,289,1500,18.3,54,395,8,90,408,2.57,3.52
2000,NHL,BOS,,0,0,0,82,36,30,8,8,88,1.07,,,227,249,1325,16.2,64,390,7,65,377,2.77,3.04
2000,NHL,BUF,CSF,1,0,0,82,46,30,5,1,98,1.20,,,218,184,1249,15.2,60,373,5,40,334,2.66,2.24
2000,NHL,CAL,,0,0,0,82,27,36,15,4,73,0.89,,,197,236,1376,16.8,65,435,11,76,378,2.4,2.88
2000,NHL,CAR,CQF,1,0,0,82,38,32,9,3,88,1.07,,,212,225,1083,13.2,72,382,16,45,351,2.59,2.74
2000,NHL,CBS,,0,0,0,82,28,39,9,6,71,0.87,,,190,233,1234,15.0,56,381,8,70,363,2.32,2.84
2000,NHL,CHI,,0,0,0,82,29,40,8,5,71,0.87,,,210,246,1001,12.2,41,318,12,52,323,2.56,3
2000,NHL,COL,SC,1,1,1,82,52,16,10,4,118,1.44,,,270,192,1138,13.9,80,363,11,59,342,3.29,2.34
2000,NHL,DAL,CSF,1,0,0,82,48,24,8,2,106,1.29,,,241,187,1041,12.7,72,367,7,49,355,2.94,2.28
2000,NHL,DET,CQF,1,0,0,82,49,20,9,4,111,1.35,,,253,202,1082,13.2,85,384,7,55,385,3.09,2.46
2000,NHL,EDM,CQF,1,0,0,82,39,28,12,3,93,1.13,,,243,222,1287,15.7,59,398,4,62,382,2.96,2.71
2000,NHL,FLO,,0,0,0,82,22,38,13,9,66,0.80,,,200,246,1509,18.4,46,353,13,64,398,2.44,3
2000,NHL,LAK,CSF,1,0,0,82,38,28,13,3,92,1.12,,,252,228,1196,14.6,71,367,6,72,382,3.07,2.78
2000,NHL,MIN,,0,0,0,82,25,39,13,5,68,0.83,,,168,210,1200,14.6,36,374,14,57,373,2.05,2.56
2000,NHL,MTL,,0,0,0,82,28,40,8,6,70,0.85,,,206,232,1020,12.4,68,421,3,60,337,2.51,2.83
2000,NHL,NAS,,0,0,0,82,34,36,9,3,80,0.98,,,186,200,944,11.5,51,361,4,49,331,2.27,2.44
2000,NHL,NJD,F,1,1,1,82,48,19,12,3,111,1.35,,,295,195,1235,15.1,71,310,6,49,320,3.6,2.38
2000,NHL,NYI,,0,0,0,82,21,51,7,3,52,0.63,,,185,268,1339,16.3,51,386,14,79,445,2.26,3.27
2000,NHL,NYR,,0,0,0,82,33,43,5,1,72,0.88,,,250,290,1522,18.6,65,363,12,86,400,3.05,3.54
2000,NHL,OTT,CQF,1,0,0,82,48,21,9,4,109,1.33,,,274,205,1062,13.0,71,381,5,49,361,3.34,2.5
2000,NHL,PHI,CQF,1,0,0,82,43,25,11,3,100,1.22,,,240,207,1183,14.4,55,350,9,55,314,2.93,2.52
2000,NHL,PHO,,0,0,0,82,35,27,17,3,90,1.10,,,214,212,1337,16.3,57,343,6,64,432,2.61,2.59
2000,NHL,PIT,CF,1,1,0,82,42,28,9,3,96,1.17,,,281,256,1585,19.3,76,375,11,78,405,3.43,3.12
2000,NHL,SJS,CQF,1,0,0,82,40,27,12,3,95,1.16,,,217,192,1364,16.6,57,406,10,61,441,2.65,2.34
2000,NHL,STL,CF,1,1,0,82,43,22,12,5,103,1.26,,,249,195,1345,16.4,72,385,7,57,389,3.04,2.38
2000,NHL,TBL,,0,0,0,82,24,47,6,5,59,0.72,,,201,280,1404,17.1,53,424,11,72,422,2.45,3.41
2000,NHL,TOR,CSF,1,0,0,82,37,29,11,5,90,1.10,,,232,207,1430,17.4,57,355,9,55,366,2.83,2.52
2000,NHL,VAN,CQF,1,0,0,82,36,28,11,7,90,1.10,,,239,238,1113,13.6,71,416,11,74,387,2.91,2.9
2000,NHL,WAS,CQF,1,0,0,82,41,27,10,4,96,1.17,,,233,211,1141,13.9,75,353,7,62,391,2.84,2.57
2001,NHL,ANA,,0,0,0,82,29,42,8,3,69,0.84,,,175,198,1254,15.3,43,373,9,46,330,2.13,2.41
2001,NHL,ATL,,0,0,0,82,19,47,11,5,54,0.66,,,187,288,1290,15.7,37,306,12,65,358,2.28,3.51
2001,NHL,BOS,CQF,1,0,0,82,43,24,6,9,101,1.23,,,236,201,1454,17.7,39,283,5,45,348,2.88,2.45
2001,NHL,BUF,,0,0,0,82,35,35,11,1,82,1.00,,,213,200,1217,14.8,50,374,6,41,304,2.6,2.44
2001,NHL,CAL,,0,0,0,82,32,35,12,3,79,0.96,,,201,220,1586,19.3,55,364,5,66,356,2.45,2.68
2001,NHL,CAR,F,1,1,1,82,35,26,16,5,91,1.11,,,217,217,1022,12.5,63,390,11,54,332,2.65,2.65
2001,NHL,CBS,,0,0,0,82,22,47,8,5,57,0.70,,,164,255,1198,14.6,50,356,8,52,306,2,3.11
2001,NHL,CHI,CQF,1,0,0,82,41,27,13,1,96,1.17,,,216,207,1234,15.0,54,302,2,63,340,2.63,2.52
2001,NHL,COL,CF,1,1,0,82,45,28,8,1,99,1.21,,,212,169,1007,12.3,62,344,7,41,315,2.59,2.06
2001,NHL,DAL,,0,0,0,82,36,28,13,5,90,1.10,,,215,213,959,11.7,60,350,8,59,319,2.62,2.6
2001,NHL,DET,SC,1,1,1,82,51,17,10,4,116,1.41,,,251,187,1053,12.8,73,359,7,48,343,3.06,2.28
2001,NHL,EDM,,0,0,0,82,38,28,12,4,92,1.12,,,205,182,1267,15.5,51,333,7,50,348,2.5,2.22
2001,NHL,FLO,,0,0,0,82,22,44,10,6,60,0.73,,,180,250,1994,24.3,50,341,7,76,393,2.2,3.05
2001,NHL,LAK,CQF,1,0,0,82,40,27,11,4,95,1.16,,,214,190,1348,16.4,73,353,6,49,366,2.61,2.32
2001,NHL,MIN,,0,0,0,82,26,35,12,9,73,0.89,,,195,238,1209,14.7,55,373,9,62,362,2.38,2.9
2001,NHL,MTL,CSF,1,0,0,82,36,31,12,3,87,1.06,,,207,209,974,11.9,45,301,4,38,276,2.52,2.55
2001,NHL,NAS,,0,0,0,82,28,41,13,0,69,0.84,,,196,230,1071,13.1,48,337,8,50,354,2.39,2.8
2001,NHL,NJD,CQF,1,0,0,82,41,28,9,4,95,1.16,,,205,187,1010,12.3,44,261,8,43,264,2.5,2.28
2001,NHL,NYI,CQF,1,0,0,82,42,28,8,4,96,1.17,,,239,220,1255,15.3,59,363,10,52,366,2.91,2.68
2001,NHL,NYR,,0,0,0,82,36,38,4,4,80,0.98,,,227,258,1753,21.4,48,326,5,80,398,2.77,3.15
2001,NHL,OTT,CSF,1,0,0,82,39,27,9,7,94,1.15,,,243,208,1347,16.4,55,331,5,48,307,2.96,2.54
2001,NHL,PHI,CQF,1,0,0,82,42,27,10,3,97,1.18,,,234,192,1242,15.1,39,299,10,40,293,2.85,2.34
2001,NHL,PHO,CQF,1,0,0,82,40,27,9,6,95,1.16,,,228,210,1154,14.1,53,341,6,60,356,2.78,2.56
2001,NHL,PIT,,0,0,0,82,28,41,8,5,69,0.84,,,198,249,1248,15.2,47,335,10,57,352,2.41,3.04
2001,NHL,SJS,CSF,1,0,0,82,44,27,8,3,99,1.21,,,248,199,1249,15.2,59,368,6,54,380,3.02,2.43
2001,NHL,STL,CSF,1,0,0,82,43,27,8,4,98,1.20,,,227,188,1343,16.4,62,356,7,56,379,2.77,2.29
2001,NHL,TBL,,0,0,0,82,27,40,11,4,69,0.84,,,178,219,1072,13.1,46,311,9,40,273,2.17,2.67
2001,NHL,TOR,CF,1,1,0,82,43,25,10,4,100,1.22,,,249,207,1212,14.8,54,349,6,51,328,3.04,2.52
2001,NHL,VAN,CQF,1,0,0,82,42,30,7,3,94,1.15,,,254,211,1342,16.4,69,372,9,57,379,3.1,2.57
2001,NHL,WAS,,0,0,0,82,36,33,11,2,85,1.04,,,228,240,1043,12.7,58,299,8,58,325,2.78,2.93
2002,NHL,ANA,F,1,1,1,82,40,27,9,6,95,1.16,,,203,193,954,11.6,56,348,5,42,333,2.48,2.35
2002,NHL,ATL,,0,0,0,82,31,39,7,5,74,0.90,,,226,284,1253,15.3,64,371,14,65,355,2.76,3.46
2002,NHL,BOS,CQF,1,0,0,82,36,31,11,4,87,1.06,,,245,237,1370,16.7,59,325,11,65,375,2.99,2.89
2002,NHL,BUF,,0,0,0,82,27,37,10,8,72,0.88,,,190,219,1276,15.6,51,354,11,53,363,2.32,2.67
2002,NHL,CAL,,0,0,0,82,29,36,13,4,75,0.91,,,186,228,1391,17.0,47,389,10,65,389,2.27,2.78
2002,NHL,CAR,,0,0,0,82,22,43,11,6,61,0.74,,,171,240,1208,14.7,58,420,9,71,392,2.09,2.93
2002,NHL,CBS,,0,0,0,82,29,42,8,3,69,0.84,,,213,263,1505,18.4,71,410,9,60,409,2.6,3.21
2002,NHL,CHI,,0,0,0,82,30,33,13,6,79,0.96,,,207,226,1189,14.5,39,308,8,56,369,2.52,2.76
2002,NHL,COL,CQF,1,0,0,82,42,19,13,8,105,1.28,,,251,194,1084,13.2,68,363,6,63,359,3.06,2.37
2002,NHL,DAL,CSF,1,0,0,82,46,17,15,4,111,1.35,,,245,169,1166,14.2,62,327,6,50,346,2.99,2.06
2002,NHL,DET,CQF,1,0,0,82,48,20,10,4,110,1.34,,,269,203,1214,14.8,76,319,4,55,377,3.28,2.48
2002,NHL,EDM,CQF,1,0,0,82,36,26,11,9,92,1.12,,,231,230,1203,14.7,56,386,8,61,351,2.82,2.8
2002,NHL,FLO,,0,0,0,82,24,36,13,9,70,0.85,,,176,237,1127,13.7,49,347,9,66,356,2.15,2.89
2002,NHL,LAK,,0,0,0,82,33,37,6,6,78,0.95,,,203,221,1146,14.0,52,354,4,62,371,2.48,2.7
2002,NHL,MIN,CF,1,1,0,82,42,29,10,1,95,1.16,,,198,178,1063,13.0,52,366,5,43,308,2.41,2.17
2002,NHL,MTL,,0,0,0,82,30,35,8,9,77,0.94,,,206,234,900,11.0,44,315,6,58,317,2.51,2.85
2002,NHL,NAS,,0,0,0,82,27,35,13,7,74,0.90,,,183,206,969,11.8,58,418,8,61,353,2.23,2.51
2002,NHL,NJD,SC,1,1,1,82,46,20,10,6,108,1.32,,,216,166,938,11.4,36,303,4,32,264,2.63,2.02
2002,NHL,NYI,CQF,1,0,0,82,35,34,11,2,83,1.01,,,224,231,1244,15.2,58,384,5,67,405,2.73,2.82
2002,NHL,NYR,,0,0,0,82,32,36,10,4,78,0.95,,,210,231,1308,16.0,55,339,8,73,388,2.56,2.82
2002,NHL,OTT,CF,1,1,0,82,52,21,8,1,113,1.38,,,263,182,1135,13.8,83,391,8,50,332,3.21,2.22
2002,NHL,PHI,CSF,1,0,0,82,45,20,13,4,107,1.30,,,211,166,1003,12.2,47,328,8,50,338,2.57,2.02
2002,NHL,PHO,,0,0,0,82,31,35,11,5,78,0.95,,,204,230,1433,17.5,55,385,11,77,412,2.49,2.8
2002,NHL,PIT,,0,0,0,82,27,44,6,5,65,0.79,,,189,255,1125,13.7,66,360,10,58,352,2.3,3.11
2002,NHL,SJS,,0,0,0,82,28,37,9,8,73,0.89,,,214,239,1112,13.6,68,375,10,68,358,2.61,2.91
2002,NHL,STL,CQF,1,0,0,82,41,24,11,6,99,1.21,,,253,222,1618,19.7,80,391,7,71,389,3.09,2.71
2002,NHL,TBL,CSF,1,0,0,82,36,25,16,5,93,1.13,,,219,210,1079,13.2,70,391,5,55,316,2.67,2.56
2002,NHL,TOR,CQF,1,0,0,82,44,28,7,3,98,1.20,,,236,208,1390,17.0,63,359,7,56,426,2.88,2.54
2002,NHL,VAN,CSF,1,0,0,82,45,23,13,1,104,1.27,,,264,208,1178,14.4,87,419,10,62,389,3.22,2.54
2002,NHL,WAS,CQF,1,0,0,82,39,29,8,6,92,1.12,,,224,220,1268,15.5,57,331,4,72,384,2.73,2.68
2003,NHL,ANA,,0,0,0,82,29,35,10,8,76,0.93,,,184,213,1131,13.8,56,310,4,54,353,2.24,2.6
2003,NHL,ATL,,0,0,0,82,33,37,8,4,78,0.95,,,214,243,1505,18.4,60,410,7,58,391,2.61,2.96
2003,NHL,BOS,CQF,1,0,0,82,41,19,15,7,104,1.27,,,209,188,1208,14.7,48,300,13,55,335,2.55,2.29
2003,NHL,BUF,,0,0,0,82,37,34,7,4,85,1.04,,,220,221,1289,15.7,58,367,9,53,348,2.68,2.7
2003,NHL,CAL,F,1,1,1,82,42,30,7,3,94,1.15,,,200,176,1428,17.4,54,357,2,53,346,2.44,2.15
2003,NHL,CAR,,0,0,0,82,28,34,14,6,76,0.93,,,172,209,1102,13.4,41,384,9,66,359,2.1,2.55
2003,NHL,CBS,,0,0,0,82,25,45,8,4,62,0.76,,,177,238,1209,14.7,58,401,14,50,337,2.16,2.9
2003,NHL,CHI,,0,0,0,82,20,43,11,8,59,0.72,,,188,259,1318,16.1,55,349,14,63,383,2.29,3.16
2003,NHL,COL,CSF,1,0,0,82,40,22,13,7,100,1.22,,,236,198,1293,15.8,74,363,14,58,357,2.88,2.41
2003,NHL,DAL,CQF,1,0,0,82,41,26,13,2,97,1.18,,,194,175,1143,13.9,52,328,11,44,311,2.37,2.13
2003,NHL,DET,CSF,1,0,0,82,48,21,11,2,109,1.33,,,255,189,966,11.8,63,314,5,42,317,3.11,2.3
2003,NHL,EDM,,0,0,0,82,36,29,12,5,89,1.09,,,221,208,1220,14.9,44,338,8,66,350,2.7,2.54
2003,NHL,FLO,,0,0,0,82,28,35,15,4,75,0.91,,,188,221,1192,14.5,52,310,12,51,373,2.29,2.7
2003,NHL,LAK,,0,0,0,82,28,29,16,9,81,0.99,,,205,217,1163,14.2,50,356,4,65,336,2.5,2.65
2003,NHL,MIN,,0,0,0,82,30,29,20,3,83,1.01,,,188,183,1035,12.6,46,339,7,44,285,2.29,2.23
2003,NHL,MTL,CSF,1,0,0,82,41,30,7,4,93,1.13,,,208,192,1039,12.7,55,319,6,55,314,2.54,2.34
2003,NHL,NAS,CQF,1,0,0,82,38,29,11,4,91,1.11,,,216,217,1360,16.6,72,428,8,64,351,2.63,2.65
2003,NHL,NJD,CQF,1,0,0,82,43,25,12,2,100,1.22,,,213,164,894,10.9,51,312,5,39,266,2.6,2
2003,NHL,NYI,CQF,1,0,0,82,38,29,11,4,91,1.11,,,237,210,1168,14.2,54,325,5,52,359,2.89,2.56
2003,NHL,NYR,,0,0,0,82,27,40,7,8,69,0.84,,,206,250,1459,17.8,46,322,8,80,388,2.51,3.05
2003,NHL,OTT,CQF,1,0,0,82,43,23,10,6,102,1.24,,,262,189,1270,15.5,80,370,8,57,347,3.2,2.3
2003,NHL,PHI,CF,1,1,0,82,40,21,15,6,101,1.23,,,229,186,1357,16.5,65,314,3,58,348,2.79,2.27
2003,NHL,PHO,,0,0,0,82,22,36,18,6,68,0.83,,,188,245,1300,15.9,51,358,8,71,398,2.29,2.99
2003,NHL,PIT,,0,0,0,82,23,47,8,4,58,0.71,,,190,303,1270,15.5,65,360,15,84,369,2.32,3.7
2003,NHL,SJS,CF,1,1,0,82,43,21,12,6,104,1.27,,,219,183,1091,13.3,56,337,9,47,319,2.67,2.23
2003,NHL,STL,CQF,1,0,0,82,39,30,11,2,91,1.11,,,191,198,1274,15.5,61,341,11,57,369,2.33,2.41
2003,NHL,TBL,SC,1,1,1,82,46,22,8,6,106,1.29,,,245,192,985,12.0,55,339,4,42,278,2.99,2.34
2003,NHL,TOR,CSF,1,0,0,82,45,24,10,3,103,1.26,,,242,204,1452,17.7,75,373,8,64,386,2.95,2.49
2003,NHL,VAN,CQF,1,0,0,82,43,24,10,5,101,1.23,,,235,194,1274,15.5,56,376,8,50,360,2.87,2.37
2003,NHL,WAS,,0,0,0,82,23,46,10,3,59,0.72,,,186,253,1282,15.6,64,334,5,75,401,2.27,3.09
2005,NHL,ANA,CF,1,1,0,82,43,27,,12,98,1.20,3,7,254,229,1459,17.8,87,480,13,84,510,3.1,2.79
2005,NHL,ATL,,0,0,0,82,41,33,,8,90,1.10,5,5,281,275,1344,16.4,100,527,10,102,492,3.43,3.35
2005,NHL,BOS,,0,0,0,82,29,37,,16,74,0.90,2,8,230,266,1174,14.3,62,418,10,78,479,2.8,3.24
2005,NHL,BUF,CF,1,1,0,82,52,24,,6,110,1.34,5,5,281,239,1164,14.2,101,477,17,59,439,3.43,2.91
2005,NHL,CAL,CQF,1,0,0,82,46,25,,11,103,1.26,2,7,218,200,1482,18.1,87,478,7,80,508,2.66,2.44
2005,NHL,CAR,SC,1,1,1,82,52,22,,8,112,1.37,8,2,294,260,1125,13.7,95,531,13,81,445,3.59,3.17
2005,NHL,CBS,,0,0,0,82,35,43,,4,74,0.90,8,3,223,279,1416,17.3,64,451,8,95,523,2.72,3.4
2005,NHL,CHI,,0,0,0,82,26,43,,13,65,0.79,2,6,211,285,1544,18.8,51,417,12,88,547,2.57,3.48
2005,NHL,COL,CSF,1,0,0,82,43,30,,9,95,1.16,3,6,283,257,1178,14.4,89,473,12,69,448,3.45,3.13
2005,NHL,DAL,CQF,1,0,0,82,53,23,,6,112,1.37,12,1,265,218,1496,18.2,88,498,7,82,504,3.23,2.66
2005,NHL,DET,CQF,1,0,0,82,58,16,,8,124,1.51,4,3,305,209,1117,13.6,102,461,10,67,461,3.72,2.55
2005,NHL,EDM,F,1,1,1,82,41,28,,13,95,1.16,7,9,256,251,1204,14.7,88,485,5,76,478,3.12,3.06
2005,NHL,FLO,,0,0,0,82,37,34,,11,85,1.04,4,5,240,257,1279,15.6,63,411,12,91,514,2.93,3.13
2005,NHL,LAK,,0,0,0,82,42,35,,5,89,1.09,6,1,249,270,1474,18.0,77,541,12,104,489,3.04,3.29
2005,NHL,MIN,,0,0,0,82,38,36,,8,84,1.02,5,3,231,215,1209,14.7,77,454,7,55,436,2.82,2.62
2005,NHL,MTL,CQF,1,0,0,82,42,31,,9,93,1.13,2,3,243,247,1336,16.3,89,463,6,91,481,2.96,3.01
2005,NHL,NAS,CQF,1,0,0,82,49,25,,8,106,1.29,6,3,259,227,1533,18.7,94,512,13,82,533,3.16,2.77
2005,NHL,NJD,CSF,1,0,0,82,46,27,,9,101,1.23,9,4,242,229,948,11.6,78,441,6,63,349,2.95,2.79
2005,NHL,NYI,,0,0,0,82,36,40,,6,78,0.95,9,3,230,278,1266,15.4,76,450,15,99,476,2.8,3.39
2005,NHL,NYR,CQF,1,0,0,82,44,26,,12,100,1.22,7,4,257,215,1194,14.6,83,442,9,79,486,3.13,2.62
2005,NHL,OTT,CSF,1,0,0,82,52,21,,9,113,1.38,2,6,314,211,1462,17.8,102,490,11,73,476,3.83,2.57
2005,NHL,PHI,CQF,1,0,0,82,45,26,,11,101,1.23,4,6,267,259,1201,14.6,80,444,6,97,465,3.26,3.16
2005,NHL,PHO,,0,0,0,82,38,39,,5,81,0.99,4,3,246,271,1511,18.4,96,541,11,98,513,3,3.3
2005,NHL,PIT,,0,0,0,82,22,46,,14,58,0.71,1,6,244,316,1559,19.0,94,495,16,113,533,2.98,3.85
2005,NHL,SJS,CSF,1,0,0,82,44,27,,11,99,1.21,1,7,266,242,1058,12.9,91,500,11,77,399,3.24,2.95
2005,NHL,STL,,0,0,0,82,21,46,,15,57,0.70,4,8,197,292,1373,16.7,75,512,8,82,461,2.4,3.56
2005,NHL,TBL,CQF,1,0,0,82,43,33,,6,92,1.12,6,4,252,260,959,11.7,81,485,11,72,391,3.07,3.17
2005,NHL,TOR,,0,0,0,82,41,33,,8,90,1.10,3,7,257,270,1398,17.0,107,501,12,99,496,3.13,3.29
2005,NHL,VAN,,0,0,0,82,42,32,,8,92,1.12,4,4,256,255,1477,18.0,96,526,10,93,512,3.12,3.11
2005,NHL,WAS,,0,0,0,82,29,41,,12,70,0.85,7,6,237,306,1499,18.3,72,490,18,116,550,2.89,3.73
2006,NHL,AND,SC,1,1,1,82,48,20,,14,110,1.34,4,10,258,208,1457,17.8,89,398,4,61,410,3.15,2.54
2006,NHL,ATL,CQF,1,0,0,82,43,28,,11,97,1.18,7,4,246,245,1097,13.4,67,407,10,79,391,3,2.99
2006,NHL,BOS,,0,0,0,82,35,41,,6,76,0.93,9,4,219,289,1256,15.3,71,412,18,81,442,2.67,3.52
2006,NHL,BUF,CF,1,1,0,82,53,22,,7,113,1.38,10,4,308,242,1200,14.6,71,407,13,72,386,3.76,2.95
2006,NHL,CAL,CQF,1,0,0,82,43,29,,10,96,1.17,3,5,258,226,1204,14.7,73,401,5,81,414,3.15,2.76
2006,NHL,CAR,,0,0,0,82,40,34,,8,88,1.07,0,5,241,253,1021,12.5,67,447,8,61,395,2.94,3.09
2006,NHL,CBS,,0,0,0,82,33,42,,7,73,0.89,5,5,201,249,1357,16.5,65,438,10,85,453,2.45,3.04
2006,NHL,CHI,,0,0,0,82,31,42,,9,71,0.87,6,7,201,258,1332,16.2,43,364,6,77,443,2.45,3.15
2006,NHL,COL,,0,0,0,82,44,31,,7,95,1.16,5,4,272,251,884,10.8,79,374,9,70,353,3.32,3.06
2006,NHL,DAL,CQF,1,0,0,82,50,25,,7,107,1.30,9,4,226,197,1133,13.8,79,427,6,59,377,2.76,2.4
2006,NHL,DET,CF,1,1,0,82,50,19,,13,113,1.38,2,8,254,199,982,12.0,68,401,11,63,408,3.1,2.43
2006,NHL,EDM,,0,0,0,82,32,43,,7,71,0.87,3,3,195,248,1285,15.7,53,373,4,59,382,2.38,3.02
2006,NHL,FLO,,0,0,0,82,35,31,,16,86,1.05,2,8,247,257,1181,14.4,61,337,6,78,443,3.01,3.13
2006,NHL,LAK,,0,0,0,82,27,41,,14,68,0.83,4,6,227,283,1239,15.1,81,442,6,91,411,2.77,3.45
2006,NHL,MIN,CQF,1,0,0,82,48,26,,8,104,1.27,10,7,235,191,862,10.5,72,380,8,48,342,2.87,2.33
2006,NHL,MTL,,0,0,0,82,42,34,,6,90,1.10,6,5,245,256,1133,13.8,86,378,6,69,419,2.99,3.12
2006,NHL,NAS,CQF,1,0,0,82,51,23,,8,110,1.34,6,5,272,212,1179,14.4,71,408,2,55,390,3.32,2.59
2006,NHL,NJD,CSF,1,0,0,82,49,24,,9,107,1.30,10,8,216,201,830,10.1,65,367,11,40,271,2.63,2.45
2006,NHL,NYI,CQF,1,0,0,82,40,30,,12,92,1.12,8,5,248,240,1062,13.0,63,348,9,79,433,3.02,2.93
2006,NHL,NYR,CSF,1,0,0,82,42,30,,10,94,1.15,9,5,242,216,1109,13.5,75,406,6,65,400,2.95,2.63
2006,NHL,OTT,F,1,1,1,82,48,25,,9,105,1.28,2,6,288,222,1173,14.3,72,403,12,61,394,3.51,2.71
2006,NHL,PHI,,0,0,0,82,22,48,,12,56,0.68,1,6,214,303,1301,15.9,53,376,14,65,420,2.61,3.7
2006,NHL,PHO,,0,0,0,82,31,46,,5,67,0.82,5,2,216,284,1445,17.6,66,400,13,92,425,2.63,3.46
2006,NHL,PIT,CQF,1,0,0,82,47,24,,11,105,1.28,10,6,277,246,1249,15.2,94,463,13,75,419,3.38,3
2006,NHL,SJS,CSF,1,0,0,82,51,26,,5,107,1.30,2,2,258,199,955,11.6,92,410,4,55,330,3.15,2.43
2006,NHL,STL,,0,0,0,82,34,35,,13,81,0.99,6,6,214,254,1223,14.9,46,381,10,83,414,2.61,3.1
2006,NHL,TBL,CQF,1,0,0,82,44,33,,5,93,1.13,10,2,253,261,897,10.9,69,374,11,66,305,3.09,3.18
2006,NHL,TOR,,0,0,0,82,40,31,,11,91,1.11,4,7,258,269,1139,13.9,71,401,11,90,418,3.15,3.28
2006,NHL,VAN,CSF,1,0,0,82,49,26,,7,105,1.28,5,4,222,201,1206,14.7,70,407,8,57,436,2.71,2.45
2006,NHL,WAS,,0,0,0,82,28,40,,14,70,0.85,1,11,235,286,1233,15.0,67,408,14,82,414,2.87,3.49
2007,NHL,AND,CQF,1,0,0,82,47,27,,8,102,1.24,8,7,205,191,1481,18.1,60,361,7,69,408,2.5,2.33
2007,NHL,ATL,,0,0,0,82,34,40,,8,76,0.93,9,6,216,272,1077,13.1,52,316,10,75,354,2.63,3.32
2007,NHL,BOS,CQF,1,0,0,82,41,29,,12,94,1.15,6,7,212,222,1069,13.0,56,319,6,71,332,2.59,2.71
2007,NHL,BUF,,0,0,0,82,39,31,,12,90,1.10,4,9,255,242,1004,12.2,66,366,8,56,333,3.11,2.95
2007,NHL,CAL,CQF,1,0,0,82,42,30,,10,94,1.15,3,3,229,227,1342,16.4,59,352,8,72,388,2.79,2.77
2007,NHL,CAR,,0,0,0,82,43,33,,6,92,1.12,2,3,252,249,1183,14.4,79,420,13,75,355,3.07,3.04
2007,NHL,CBS,,0,0,0,82,34,36,,12,80,0.98,3,8,193,218,1325,16.2,53,356,5,63,378,2.35,2.66
2007,NHL,CHI,,0,0,0,82,40,34,,8,88,1.07,5,4,239,235,1383,16.9,58,365,6,69,385,2.91,2.87
2007,NHL,COL,CSF,1,0,0,82,44,31,,7,95,1.16,7,3,231,219,995,12.1,49,335,5,56,301,2.82,2.67
2007,NHL,DAL,CF,1,1,0,82,45,30,,7,97,1.18,5,3,242,207,1178,14.4,64,354,8,51,354,2.95,2.52
2007,NHL,DET,SC,1,1,1,82,54,21,,7,115,1.40,5,5,257,184,937,11.4,81,391,7,57,357,3.13,2.24
2007,NHL,EDM,,0,0,0,82,41,35,,6,88,1.07,15,4,235,251,1175,14.3,57,344,10,56,366,2.87,3.06
2007,NHL,FLO,,0,0,0,82,38,35,,9,85,1.04,5,6,216,226,1026,12.5,60,313,3,66,374,2.63,2.76
2007,NHL,LAK,,0,0,0,82,32,43,,7,71,0.87,5,3,231,266,954,11.6,64,366,4,68,309,2.82,3.24
2007,NHL,MIN,CQF,1,0,0,82,44,28,,10,98,1.20,3,8,223,218,1098,13.4,64,338,10,49,330,2.72,2.66
2007,NHL,MTL,CSF,1,0,0,82,47,25,,10,104,1.27,5,6,262,222,1090,13.3,90,374,3,60,342,3.2,2.71
2007,NHL,NAS,CQF,1,0,0,82,41,32,,9,91,1.11,3,5,230,229,1027,12.5,53,358,10,49,335,2.8,2.79
2007,NHL,NJD,CQF,1,0,0,82,46,29,,7,99,1.21,8,4,206,197,974,11.9,50,320,7,54,314,2.51,2.4
2007,NHL,NYI,,0,0,0,82,35,38,,9,79,0.96,5,3,194,243,1041,12.7,48,330,15,68,375,2.37,2.96
2007,NHL,NYR,CSF,1,0,0,82,42,27,,13,97,1.18,8,9,213,199,1154,14.1,61,370,6,53,343,2.6,2.43
2007,NHL,OTT,CQF,1,0,0,82,43,31,,8,94,1.15,3,5,261,247,1175,14.3,60,328,6,72,380,3.18,3.01
2007,NHL,PHI,CF,1,1,0,82,42,29,,11,95,1.16,3,6,248,233,1471,17.9,84,385,6,65,388,3.02,2.84
2007,NHL,PHO,,0,0,0,82,38,37,,7,83,1.01,5,6,214,231,1193,14.5,63,339,12,64,332,2.61,2.82
2007,NHL,PIT,F,1,1,1,82,47,27,,8,102,1.24,7,4,247,216,1179,14.4,77,378,10,68,357,3.01,2.63
2007,NHL,SJS,CSF,1,0,0,82,49,23,,10,108,1.32,6,6,222,193,1075,13.1,70,374,9,44,310,2.71,2.35
2007,NHL,STL,,0,0,0,82,33,36,,13,79,0.96,3,5,205,237,1153,14.1,47,334,13,56,359,2.5,2.89
2007,NHL,TBL,,0,0,0,82,31,42,,9,71,0.87,2,1,223,267,1038,12.7,57,296,7,56,312,2.72,3.26
2007,NHL,TOR,,0,0,0,82,36,35,,11,83,1.01,3,4,231,260,1087,13.3,61,343,10,77,352,2.82,3.17
2007,NHL,VAN,,0,0,0,82,39,33,,10,88,1.07,6,9,213,215,1474,18.0,63,369,7,64,368,2.6,2.62
2007,NHL,WAS,CQF,1,0,0,82,43,31,,8,94,1.15,4,4,242,231,975,11.9,65,346,8,68,349,2.95,2.82
2008,NHL,AND,CSF,1,0,0,82,42,33,,7,91,1.11,7,3,245,238,1426,17.4,73,309,8,78,385,2.99,2.9
2008,NHL,ATL,,0,0,0,82,35,41,,6,76,0.93,7,1,257,280,1256,15.3,69,357,10,88,366,3.13,3.41
2008,NHL,BOS,CSF,1,0,0,82,53,19,,10,116,1.41,4,6,274,196,1028,12.5,74,313,7,54,306,3.34,2.39
2008,NHL,BUF,,0,0,0,82,41,32,,9,91,1.11,8,5,250,234,1121,13.7,75,358,5,61,336,3.05,2.85
2008,NHL,CAL,CQF,1,0,0,82,46,30,,6,98,1.20,3,2,254,248,1299,15.8,61,358,15,58,349,3.1,3.02
2008,NHL,CAR,CF,1,1,0,82,45,30,,7,97,1.18,3,5,239,226,802,9.8,70,374,9,59,301,2.91,2.76
2008,NHL,CBS,CQF,1,0,0,82,41,31,,10,92,1.12,6,7,226,230,1227,15.0,41,322,12,62,346,2.76,2.8
2008,NHL,CHI,CF,1,1,0,82,46,24,,12,104,1.27,4,7,264,216,1157,14.1,70,363,6,64,330,3.22,2.63
2008,NHL,COL,,0,0,0,82,32,45,,5,69,0.84,9,4,199,257,1062,13.0,50,318,8,64,318,2.43,3.13
2008,NHL,DAL,,0,0,0,82,36,35,,11,83,1.01,6,6,230,257,1144,14.0,54,351,4,70,327,2.8,3.13
2008,NHL,DET,F,1,1,1,82,51,21,,10,112,1.37,6,4,295,244,824,10.0,90,353,4,71,327,3.6,2.98
2008,NHL,EDM,,0,0,0,82,38,35,,9,85,1.04,6,4,234,248,1247,15.2,60,354,8,76,338,2.85,3.02
2008,NHL,FLO,,0,0,0,82,41,30,,11,93,1.13,3,8,234,231,900,11.0,51,308,9,54,311,2.85,2.82
2008,NHL,LAK,,0,0,0,82,34,37,,11,79,0.96,5,8,207,234,1207,14.7,69,360,8,62,362,2.52,2.85
2008,NHL,MIN,,0,0,0,82,40,33,,9,89,1.09,5,3,219,200,889,10.8,66,328,6,36,291,2.67,2.44
2008,NHL,MTL,CQF,1,0,0,82,41,30,,11,93,1.13,7,7,249,247,1229,15.0,72,374,11,65,370,3.04,3.01
2008,NHL,NAS,,0,0,0,82,40,34,,8,88,1.07,6,5,213,233,994,12.1,50,318,8,59,338,2.6,2.84
2008,NHL,NJD,CQF,1,0,0,82,51,27,,4,106,1.29,6,2,244,209,1058,12.9,58,307,4,65,324,2.98,2.55
2008,NHL,NYI,,0,0,0,82,26,47,,9,61,0.74,3,5,201,279,1216,14.8,54,320,5,73,361,2.45,3.4
2008,NHL,NYR,CQF,1,0,0,82,43,30,,9,95,1.16,10,6,210,218,1199,14.6,48,346,14,40,329,2.56,2.66
2008,NHL,OTT,,0,0,0,82,36,35,,11,83,1.01,4,6,217,237,1098,13.4,66,339,5,64,346,2.65,2.89
2008,NHL,PHI,CQF,1,0,0,82,44,27,,11,99,1.21,4,6,264,238,1434,17.5,71,316,1,67,393,3.22,2.9
2008,NHL,PHO,,0,0,0,82,36,39,,7,79,0.96,3,3,208,252,1092,13.3,50,344,4,68,293,2.54,3.07
2008,NHL,PIT,SC,1,1,1,82,45,28,,9,99,1.21,6,6,264,239,1114,13.6,62,360,13,60,347,3.22,2.91
2008,NHL,SJS,CQF,1,0,0,82,53,18,,11,117,1.43,6,5,257,204,1053,12.8,87,360,11,51,306,3.13,2.49
2008,NHL,STL,CQF,1,0,0,82,41,31,,10,92,1.12,6,6,233,233,1248,15.2,72,351,8,58,357,2.84,2.84
2008,NHL,TBL,,0,0,0,82,24,40,,18,66,0.80,3,10,210,279,1306,15.9,61,343,9,89,405,2.56,3.4
2008,NHL,TOR,,0,0,0,82,34,35,,13,81,0.99,6,7,250,293,1125,13.7,62,330,7,78,308,3.05,3.57
2008,NHL,VAN,CSF,1,0,0,82,45,27,,10,100,1.22,3,7,246,220,1351,16.5,67,357,5,69,371,3,2.68
2008,NHL,WAS,CSF,1,0,0,82,50,24,,8,108,1.32,4,5,272,245,1041,12.7,85,337,11,75,387,3.32,2.99
2009,NHL,AND,,0,0,0,82,39,32,,11,89,1.09,5,8,238,251,1321,16.1,63,300,9,67,324,2.9,3.06
2009,NHL,ATL,,0,0,0,82,35,34,,13,83,1.01,4,6,234,256,1053,12.8,51,316,4,57,320,2.85,3.12
2009,NHL,BOS,CSF,1,0,0,82,39,30,,13,91,1.11,10,9,206,200,953,11.6,44,265,4,37,272,2.51,2.44
2009,NHL,BUF,CQF,1,0,0,82,45,27,,10,100,1.22,4,6,235,207,918,11.2,55,313,3,38,284,2.87,2.52
2009,NHL,CAL,,0,0,0,82,40,32,,10,90,1.10,3,7,204,210,1143,13.9,43,268,2,54,305,2.49,2.56
2009,NHL,CAR,,0,0,0,82,35,37,,10,80,0.98,4,5,230,256,966,11.8,56,332,8,62,320,2.8,3.12
2009,NHL,CBS,,0,0,0,82,32,35,,15,79,0.96,2,10,216,259,1086,13.2,56,308,9,61,334,2.63,3.16
2009,NHL,CHI,SC,1,1,1,82,52,22,,8,112,1.37,9,6,271,209,924,11.3,52,294,4,39,265,3.3,2.55
2009,NHL,COL,CQF,1,0,0,82,43,30,,9,95,1.16,7,5,244,233,1027,12.5,56,310,9,60,303,2.98,2.84
2009,NHL,DAL,,0,0,0,82,37,31,,14,88,1.07,7,10,237,254,963,11.7,61,328,8,65,288,2.89,3.1
2009,NHL,DET,CSF,1,0,0,82,44,24,,14,102,1.24,6,9,229,216,723,8.8,59,307,1,43,267,2.79,2.63
2009,NHL,EDM,,0,0,0,82,27,47,,8,62,0.76,8,6,214,284,1133,13.8,52,301,5,67,305,2.61,3.46
2009,NHL,FLO,,0,0,0,82,32,37,,13,77,0.94,6,10,208,244,977,11.9,44,309,8,59,287,2.54,2.98
2009,NHL,LAK,CQF,1,0,0,82,46,27,,9,101,1.23,10,8,241,219,979,11.9,64,307,6,60,304,2.94,2.67
2009,NHL,MIN,,0,0,0,82,38,36,,8,84,1.02,5,7,219,246,924,11.3,59,309,13,53,306,2.67,3
2009,NHL,MTL,CF,1,1,0,82,39,33,,10,88,1.07,7,5,217,223,936,11.4,57,261,8,53,311,2.65,2.72
2009,NHL,NAS,CQF,1,0,0,82,47,29,,6,100,1.22,8,4,225,225,710,8.7,47,286,6,59,258,2.74,2.74
2009,NHL,NJD,CQF,1,0,0,82,48,27,,7,103,1.26,6,5,222,191,859,10.5,51,273,5,41,239,2.71,2.33
2009,NHL,NYI,,0,0,0,82,34,37,,11,79,0.96,8,6,222,264,950,11.6,49,306,3,71,300,2.71,3.22
2009,NHL,NYR,,0,0,0,82,38,33,,11,87,1.06,3,4,222,218,1159,14.1,55,301,7,50,318,2.71,2.66
2009,NHL,OTT,CQF,1,0,0,82,44,32,,6,94,1.15,5,5,225,238,1141,13.9,49,290,4,50,318,2.74,2.9
2009,NHL,PHI,F,1,1,1,82,41,35,,6,88,1.07,4,3,236,225,1362,16.6,68,317,8,57,335,2.88,2.74
2009,NHL,PHO,CQF,1,0,0,82,50,25,,7,107,1.30,14,6,225,202,925,11.3,46,314,7,49,317,2.74,2.46
2009,NHL,PIT,CSF,1,0,0,82,47,28,,7,101,1.23,8,2,257,237,1195,14.6,56,326,8,52,327,3.13,2.89
2009,NHL,SJS,CF,1,1,0,82,51,20,,11,113,1.38,7,6,264,215,1155,14.1,65,309,9,49,327,3.22,2.62
2009,NHL,STL,,0,0,0,82,40,32,,10,90,1.10,7,5,225,223,1318,16.1,52,307,6,45,342,2.74,2.72
2009,NHL,TBL,,0,0,0,82,34,36,,12,80,0.98,4,7,217,260,1377,16.8,63,326,6,67,336,2.65,3.17
2009,NHL,TOR,,0,0,0,82,30,38,,14,74,0.90,4,4,214,267,1091,13.3,44,315,7,73,288,2.61,3.26
2009,NHL,VAN,CSF,1,0,0,82,49,28,,5,103,1.26,4,4,272,222,1269,15.5,68,325,6,59,320,3.32,2.71
2009,NHL,WAS,CQF,1,0,0,82,54,15,,13,121,1.48,5,6,318,233,940,11.5,79,313,8,67,316,3.88,2.84
2010,NHL,AND,CQF,1,0,0,82,47,30,,5,99,1.21,4,2,239,235,1178,14.4,67,285,7,57,305,2.91,2.87
2010,NHL,ATL,,0,0,0,82,34,36,,12,80,0.98,5,7,223,269,930,11.3,53,289,10,64,285,2.72,3.28
2010,NHL,BOS,SC,1,1,1,82,46,25,,11,103,1.26,2,6,246,195,1115,13.6,43,265,5,46,265,3,2.38
2010,NHL,BUF,CQF,1,0,0,82,43,29,,10,96,1.17,5,1,245,229,958,11.7,54,279,13,51,300,2.99,2.79
2010,NHL,CAL,,0,0,0,82,41,29,,12,94,1.15,9,7,250,237,836,10.2,62,318,9,53,282,3.05,2.89
2010,NHL,CAR,,0,0,0,82,40,31,,11,91,1.11,5,5,236,239,835,10.2,55,346,6,51,272,2.88,2.91
2010,NHL,CBS,,0,0,0,82,34,35,,13,81,0.99,5,8,215,258,1113,13.6,42,301,11,62,314,2.62,3.15
2010,NHL,CHI,CQF,1,0,0,82,44,29,,9,97,1.18,6,5,258,225,742,9.0,64,277,4,53,255,3.15,2.74
2010,NHL,COL,,0,0,0,82,30,44,,8,68,0.83,6,1,227,288,1077,13.1,49,265,11,75,314,2.77,3.51
2010,NHL,DAL,,0,0,0,82,42,29,,11,95,1.16,5,7,227,233,1066,13.0,55,306,15,55,277,2.77,2.84
2010,NHL,DET,CSF,1,0,0,82,47,25,,10,104,1.27,4,4,261,241,754,9.2,67,301,7,53,300,3.18,2.94
2010,NHL,EDM,,0,0,0,82,25,45,,12,62,0.76,2,9,193,269,1270,15.5,44,304,2,74,321,2.35,3.28
2010,NHL,FLO,,0,0,0,82,30,40,,12,72,0.88,4,7,195,229,716,8.7,35,267,5,41,267,2.38,2.79
2010,NHL,LAK,CQF,1,0,0,82,46,30,,6,98,1.20,10,2,219,198,962,11.7,47,292,6,40,276,2.67,2.41
2010,NHL,MIN,,0,0,0,82,39,35,,8,86,1.05,3,5,206,233,983,12.0,53,292,7,53,308,2.51,2.84
2010,NHL,MTL,CQF,1,0,0,82,44,30,,8,96,1.17,3,3,216,209,1097,13.4,57,290,6,51,327,2.63,2.55
2010,NHL,NAS,CSF,1,0,0,82,44,27,,11,99,1.21,6,4,219,194,720,8.8,41,269,2,41,272,2.67,2.37
2010,NHL,NJD,,0,0,0,82,38,39,,5,81,0.99,3,2,174,209,765,9.3,34,237,8,40,241,2.12,2.55
2010,NHL,NYI,,0,0,0,82,30,39,,13,73,0.89,4,6,229,264,1515,18.5,52,302,7,52,310,2.79,3.22
2010,NHL,NYR,CQF,1,0,0,82,44,33,,5,93,1.13,9,3,233,198,1074,13.1,49,290,5,42,257,2.84,2.41
2010,NHL,OTT,,0,0,0,82,32,40,,10,74,0.90,2,5,192,250,1149,14.0,45,257,4,48,294,2.34,3.05
2010,NHL,PHI,CSF,1,0,0,82,47,23,,12,106,1.29,3,7,259,223,1119,13.6,49,295,5,54,313,3.16,2.72
2010,NHL,PHO,CQF,1,0,0,82,43,26,,13,99,1.21,5,6,231,226,863,10.5,46,289,6,64,296,2.82,2.76
2010,NHL,PIT,CQF,1,0,0,82,49,25,,8,106,1.29,10,3,238,199,1388,16.9,49,311,6,45,324,2.9,2.43
2010,NHL,SJS,CF,1,1,0,82,48,25,,9,105,1.28,5,5,248,213,931,11.4,68,289,7,56,274,3.02,2.6
2010,NHL,STL,,0,0,0,82,38,33,,11,87,1.06,4,6,240,234,1225,14.9,52,279,1,51,279,2.93,2.85
2010,NHL,TBL,CF,1,1,0,82,46,25,,11,103,1.26,6,6,247,240,905,11.0,69,336,16,49,302,3.01,2.93
2010,NHL,TOR,,0,0,0,82,37,34,,11,85,1.04,5,6,218,251,985,12.0,52,326,8,62,275,2.66,3.06
2010,NHL,VAN,F,1,1,1,82,54,19,,9,117,1.43,4,5,262,185,943,11.5,72,296,2,45,312,3.2,2.26
2010,NHL,WAS,CSF,1,0,0,82,48,23,,11,107,1.30,5,6,224,197,926,11.3,46,263,5,43,299,2.73,2.4
2011,NHL,AND,,0,0,0,82,34,36,,12,80,0.98,3,7,204,231,980,12.0,45,271,5,51,283,2.49,2.82
2011,NHL,BOS,CQF,1,0,0,82,49,29,,4,102,1.24,9,3,269,202,1101,13.4,43,250,1,43,260,3.28,2.46
2011,NHL,BUF,,0,0,0,82,39,32,,11,89,1.09,7,7,218,230,904,11.0,44,258,7,47,257,2.66,2.8
2011,NHL,CAL,,0,0,0,82,37,29,,16,90,1.10,3,9,202,226,885,10.8,46,260,6,42,268,2.46,2.76
2011,NHL,CAR,,0,0,0,82,33,33,,16,82,1.00,1,6,213,243,763,9.3,49,294,4,49,252,2.6,2.96
2011,NHL,CBS,,0,0,0,82,29,46,,7,65,0.79,4,5,202,262,1037,12.6,49,317,8,64,274,2.46,3.2
2011,NHL,CHI,CQF,1,0,0,82,45,26,,11,101,1.23,7,7,248,238,848,10.3,42,277,3,51,233,3.02,2.9
2011,NHL,COL,,0,0,0,82,41,35,,6,88,1.07,9,2,208,220,902,11.0,41,223,4,47,277,2.54,2.68
2011,NHL,DAL,,0,0,0,82,42,35,,5,89,1.09,7,4,211,222,1032,12.6,33,244,3,52,303,2.57,2.71
2011,NHL,DET,CQF,1,0,0,82,48,28,,6,102,1.24,9,3,248,203,699,8.5,48,298,11,50,274,3.02,2.48
2011,NHL,EDM,,0,0,0,82,32,40,,10,74,0.90,5,7,212,239,942,11.5,54,262,8,52,296,2.59,2.91
2011,NHL,FLO,CQF,1,0,0,82,38,26,,18,94,1.15,6,11,203,227,792,9.7,53,286,6,49,239,2.48,2.77
2011,NHL,LAK,SC,1,1,1,82,40,27,,15,95,1.16,6,9,194,179,923,11.3,49,289,2,38,293,2.37,2.18
2011,NHL,MIN,,0,0,0,82,35,36,,11,81,0.99,11,9,177,226,994,12.1,39,258,4,51,285,2.16,2.76
2011,NHL,MTL,,0,0,0,82,31,35,,16,78,0.95,5,12,212,226,954,11.6,43,301,8,36,315,2.59,2.76
2011,NHL,NAS,CSF,1,0,0,82,48,26,,8,104,1.27,5,5,237,210,689,8.4,54,250,4,40,244,2.89,2.56
2011,NHL,NJD,F,1,1,1,82,48,28,,6,102,1.24,12,4,228,209,944,11.5,46,267,13,27,259,2.78,2.55
2011,NHL,NYI,,0,0,0,82,34,37,,11,79,0.96,7,4,203,255,763,9.3,45,243,5,46,236,2.48,3.11
2011,NHL,NYR,CF,1,1,0,82,51,24,,7,109,1.33,4,5,226,187,1059,12.9,44,280,4,36,260,2.76,2.28
2011,NHL,OTT,CQF,1,0,0,82,41,31,,10,92,1.12,6,4,249,240,1145,14.0,49,270,7,57,310,3.04,2.93
2011,NHL,PHI,CSF,1,0,0,82,47,26,,9,103,1.26,4,7,264,232,1318,16.1,66,335,9,58,319,3.22,2.83
2011,NHL,PHO,CF,1,1,0,82,42,27,,13,97,1.18,6,10,216,204,757,9.2,34,251,6,36,249,2.63,2.49
2011,NHL,PIT,CQF,1,0,0,82,51,25,,6,108,1.32,9,3,282,221,880,10.7,57,289,10,33,270,3.44,2.7
2011,NHL,SJS,CQF,1,0,0,82,43,29,,10,96,1.17,9,5,228,210,785,9.6,57,270,4,52,225,2.78,2.56
2011,NHL,STL,CSF,1,0,0,82,49,22,,11,109,1.33,4,10,210,165,1062,13.0,45,270,3,40,282,2.56,2.01
2011,NHL,TBL,,0,0,0,82,38,36,,8,84,1.02,3,3,235,281,865,10.5,41,269,12,59,284,2.87,3.43
2011,NHL,TOR,,0,0,0,82,35,37,,10,80,0.98,4,5,231,264,824,10.0,49,267,6,55,242,2.82,3.22
2011,NHL,VAN,CQF,1,0,0,82,51,22,,9,111,1.35,8,7,249,198,1049,12.8,57,288,4,40,286,3.04,2.41
2011,NHL,WAS,CSF,1,0,0,82,42,32,,8,92,1.12,4,4,222,230,767,9.4,41,245,10,49,266,2.71,2.8
2011,NHL,WPG,,0,0,0,82,37,35,,10,84,1.02,4,4,225,246,905,11.0,45,251,8,58,292,2.74,3